id,threads,time,n,O3,OpenMP,source
gemmht5vgjcgel7ew76a,1,0.15955,1024,1,0,gemm
gemmht5vgjcgel7ew76a,1,0.159487,1024,1,0,gemm
gemmht5vgjcgel7ew76a,1,0.152756,1024,1,0,gemm
gemmht5vgjcgel7ew76a,1,0.159337,1024,1,0,gemm
gemmht5vgjcgel7ew76a,1,0.152998,1024,1,0,gemm
gemmht5vgjcgel7ew76a,1,0.172522,1024,1,0,gemm
gemmht5vgjcgel7ew76a,1,0.158889,1024,1,0,gemm
gemmht5vgjcgel7ew76a,1,0.16294,1024,1,0,gemm
gemmht5vgjcgel7ew76a,1,0.15606,1024,1,0,gemm
gemmht5vgjcgel7ew76a,1,0.15819,1024,1,0,gemm
gemmht5vgjcgel7ew76a,2,0.156689,1024,1,0,gemm
gemmht5vgjcgel7ew76a,2,0.161073,1024,1,0,gemm
gemmht5vgjcgel7ew76a,2,0.155894,1024,1,0,gemm
gemmht5vgjcgel7ew76a,2,0.160155,1024,1,0,gemm
gemmht5vgjcgel7ew76a,2,0.158189,1024,1,0,gemm
gemmht5vgjcgel7ew76a,2,0.161735,1024,1,0,gemm
gemmht5vgjcgel7ew76a,2,0.162322,1024,1,0,gemm
gemmht5vgjcgel7ew76a,2,0.162306,1024,1,0,gemm
gemmht5vgjcgel7ew76a,2,0.159823,1024,1,0,gemm
gemmht5vgjcgel7ew76a,2,0.158238,1024,1,0,gemm
gemmht5vgjcgel7ew76a,3,0.158574,1024,1,0,gemm
gemmht5vgjcgel7ew76a,3,0.154586,1024,1,0,gemm
gemmht5vgjcgel7ew76a,3,0.160195,1024,1,0,gemm
gemmht5vgjcgel7ew76a,3,0.155644,1024,1,0,gemm
gemmht5vgjcgel7ew76a,3,0.160337,1024,1,0,gemm
gemmht5vgjcgel7ew76a,3,0.158155,1024,1,0,gemm
gemmht5vgjcgel7ew76a,3,0.160731,1024,1,0,gemm
gemmht5vgjcgel7ew76a,3,0.160454,1024,1,0,gemm
gemmht5vgjcgel7ew76a,3,0.155653,1024,1,0,gemm
gemmht5vgjcgel7ew76a,3,0.155603,1024,1,0,gemm
gemmht5vgjcgel7ew76a,4,0.160112,1024,1,0,gemm
gemmht5vgjcgel7ew76a,4,0.15803,1024,1,0,gemm
gemmht5vgjcgel7ew76a,4,0.155573,1024,1,0,gemm
gemmht5vgjcgel7ew76a,4,0.161673,1024,1,0,gemm
gemmht5vgjcgel7ew76a,4,0.160498,1024,1,0,gemm
gemmht5vgjcgel7ew76a,4,0.156984,1024,1,0,gemm
gemmht5vgjcgel7ew76a,4,0.161547,1024,1,0,gemm
gemmht5vgjcgel7ew76a,4,0.15637,1024,1,0,gemm
gemmht5vgjcgel7ew76a,4,0.157915,1024,1,0,gemm
gemmht5vgjcgel7ew76a,4,0.17973,1024,1,0,gemm
gemmht5vgjcgel7ew76a,5,0.155805,1024,1,0,gemm
gemmht5vgjcgel7ew76a,5,0.156862,1024,1,0,gemm
gemmht5vgjcgel7ew76a,5,0.160935,1024,1,0,gemm
gemmht5vgjcgel7ew76a,5,0.155762,1024,1,0,gemm
gemmht5vgjcgel7ew76a,5,0.160796,1024,1,0,gemm
gemmht5vgjcgel7ew76a,5,0.158574,1024,1,0,gemm
gemmht5vgjcgel7ew76a,5,0.158695,1024,1,0,gemm
gemmht5vgjcgel7ew76a,5,0.154403,1024,1,0,gemm
gemmht5vgjcgel7ew76a,5,0.158704,1024,1,0,gemm
gemmht5vgjcgel7ew76a,5,0.161776,1024,1,0,gemm
gemmht5vgjcgel7ew76a,6,0.161146,1024,1,0,gemm
gemmht5vgjcgel7ew76a,6,0.158586,1024,1,0,gemm
gemmht5vgjcgel7ew76a,6,0.155866,1024,1,0,gemm
gemmht5vgjcgel7ew76a,6,0.158729,1024,1,0,gemm
gemmht5vgjcgel7ew76a,6,0.160341,1024,1,0,gemm
gemmht5vgjcgel7ew76a,6,0.162856,1024,1,0,gemm
gemmht5vgjcgel7ew76a,6,0.16073,1024,1,0,gemm
gemmht5vgjcgel7ew76a,6,0.156038,1024,1,0,gemm
gemmht5vgjcgel7ew76a,6,0.161703,1024,1,0,gemm
gemmht5vgjcgel7ew76a,6,0.164361,1024,1,0,gemm
gemmht5vgjcgel7ew76a,7,0.155816,1024,1,0,gemm
gemmht5vgjcgel7ew76a,7,0.16356,1024,1,0,gemm
gemmht5vgjcgel7ew76a,7,0.161477,1024,1,0,gemm
gemmht5vgjcgel7ew76a,7,0.163131,1024,1,0,gemm
gemmht5vgjcgel7ew76a,7,0.158849,1024,1,0,gemm
gemmht5vgjcgel7ew76a,7,0.159481,1024,1,0,gemm
gemmht5vgjcgel7ew76a,7,0.164589,1024,1,0,gemm
gemmht5vgjcgel7ew76a,7,0.16398,1024,1,0,gemm
gemmht5vgjcgel7ew76a,7,0.158222,1024,1,0,gemm
gemmht5vgjcgel7ew76a,7,0.159124,1024,1,0,gemm
gemmht5vgjcgel7ew76a,8,0.161891,1024,1,0,gemm
gemmht5vgjcgel7ew76a,8,0.162486,1024,1,0,gemm
gemmht5vgjcgel7ew76a,8,0.163241,1024,1,0,gemm
gemmht5vgjcgel7ew76a,8,0.165489,1024,1,0,gemm
gemmht5vgjcgel7ew76a,8,0.155775,1024,1,0,gemm
gemmht5vgjcgel7ew76a,8,0.156842,1024,1,0,gemm
gemmht5vgjcgel7ew76a,8,0.160755,1024,1,0,gemm
gemmht5vgjcgel7ew76a,8,0.157213,1024,1,0,gemm
gemmht5vgjcgel7ew76a,8,0.160863,1024,1,0,gemm
gemmht5vgjcgel7ew76a,8,0.164007,1024,1,0,gemm
gemm6ud7mk9lkvfzu0gy,1,23.507627,4096,1,0,gemm
gemm6ud7mk9lkvfzu0gy,1,23.353533,4096,1,0,gemm
gemm6ud7mk9lkvfzu0gy,1,23.554867,4096,1,0,gemm
gemm6ud7mk9lkvfzu0gy,1,23.282135,4096,1,0,gemm
gemm6ud7mk9lkvfzu0gy,1,23.731128,4096,1,0,gemm
gemm6ud7mk9lkvfzu0gy,1,23.24146,4096,1,0,gemm
gemm6ud7mk9lkvfzu0gy,1,23.242607,4096,1,0,gemm
gemm6ud7mk9lkvfzu0gy,1,23.372912,4096,1,0,gemm
gemm6ud7mk9lkvfzu0gy,1,23.288708,4096,1,0,gemm
gemm6ud7mk9lkvfzu0gy,1,23.360523,4096,1,0,gemm
gemm6ud7mk9lkvfzu0gy,2,23.671826,4096,1,0,gemm
gemm6ud7mk9lkvfzu0gy,2,23.644773,4096,1,0,gemm
gemm6ud7mk9lkvfzu0gy,2,24.109761,4096,1,0,gemm
gemm6ud7mk9lkvfzu0gy,2,23.751669,4096,1,0,gemm
gemm6ud7mk9lkvfzu0gy,2,23.242115,4096,1,0,gemm
gemm6ud7mk9lkvfzu0gy,2,23.126301,4096,1,0,gemm
gemm6ud7mk9lkvfzu0gy,2,23.169236,4096,1,0,gemm
gemm6ud7mk9lkvfzu0gy,2,23.160423,4096,1,0,gemm
gemm6ud7mk9lkvfzu0gy,2,23.102125,4096,1,0,gemm
gemm6ud7mk9lkvfzu0gy,2,23.13462,4096,1,0,gemm
gemm6ud7mk9lkvfzu0gy,3,23.091221,4096,1,0,gemm
gemm6ud7mk9lkvfzu0gy,3,23.163986,4096,1,0,gemm
gemm6ud7mk9lkvfzu0gy,3,23.39656,4096,1,0,gemm
gemm6ud7mk9lkvfzu0gy,3,23.232624,4096,1,0,gemm
gemm6ud7mk9lkvfzu0gy,3,23.082063,4096,1,0,gemm
gemm6ud7mk9lkvfzu0gy,3,23.043811,4096,1,0,gemm
gemm6ud7mk9lkvfzu0gy,3,23.126159,4096,1,0,gemm
gemm6ud7mk9lkvfzu0gy,3,23.088103,4096,1,0,gemm
gemm6ud7mk9lkvfzu0gy,3,23.105811,4096,1,0,gemm
gemm6ud7mk9lkvfzu0gy,3,23.119986,4096,1,0,gemm
gemm6ud7mk9lkvfzu0gy,4,23.109462,4096,1,0,gemm
gemm6ud7mk9lkvfzu0gy,4,23.090718,4096,1,0,gemm
gemm6ud7mk9lkvfzu0gy,4,23.114633,4096,1,0,gemm
gemm6ud7mk9lkvfzu0gy,4,23.077741,4096,1,0,gemm
gemm6ud7mk9lkvfzu0gy,4,23.113764,4096,1,0,gemm
gemm6ud7mk9lkvfzu0gy,4,23.100034,4096,1,0,gemm
gemm6ud7mk9lkvfzu0gy,4,23.063842,4096,1,0,gemm
gemm6ud7mk9lkvfzu0gy,4,23.091661,4096,1,0,gemm
gemm6ud7mk9lkvfzu0gy,4,23.147452,4096,1,0,gemm
gemm6ud7mk9lkvfzu0gy,4,23.330094,4096,1,0,gemm
gemm6ud7mk9lkvfzu0gy,5,23.146631,4096,1,0,gemm
gemm6ud7mk9lkvfzu0gy,5,23.111013,4096,1,0,gemm
gemm6ud7mk9lkvfzu0gy,5,23.100349,4096,1,0,gemm
gemm6ud7mk9lkvfzu0gy,5,23.206013,4096,1,0,gemm
gemm6ud7mk9lkvfzu0gy,5,23.175103,4096,1,0,gemm
gemm6ud7mk9lkvfzu0gy,5,23.28791,4096,1,0,gemm
gemm6ud7mk9lkvfzu0gy,5,23.326356,4096,1,0,gemm
gemm6ud7mk9lkvfzu0gy,5,23.198628,4096,1,0,gemm
gemm6ud7mk9lkvfzu0gy,5,23.457481,4096,1,0,gemm
gemm6ud7mk9lkvfzu0gy,5,23.305335,4096,1,0,gemm
gemm6ud7mk9lkvfzu0gy,6,23.406117,4096,1,0,gemm
gemm6ud7mk9lkvfzu0gy,6,23.232137,4096,1,0,gemm
gemm6ud7mk9lkvfzu0gy,6,23.160865,4096,1,0,gemm
gemm6ud7mk9lkvfzu0gy,6,23.162545,4096,1,0,gemm
gemm6ud7mk9lkvfzu0gy,6,23.17932,4096,1,0,gemm
gemm6ud7mk9lkvfzu0gy,6,23.145806,4096,1,0,gemm
gemm6ud7mk9lkvfzu0gy,6,23.2527,4096,1,0,gemm
gemm6ud7mk9lkvfzu0gy,6,23.136483,4096,1,0,gemm
gemm6ud7mk9lkvfzu0gy,6,23.119281,4096,1,0,gemm
gemm6ud7mk9lkvfzu0gy,6,23.146372,4096,1,0,gemm
gemm6ud7mk9lkvfzu0gy,7,23.132581,4096,1,0,gemm
gemm6ud7mk9lkvfzu0gy,7,23.200313,4096,1,0,gemm
gemm6ud7mk9lkvfzu0gy,7,23.103804,4096,1,0,gemm
gemm6ud7mk9lkvfzu0gy,7,23.18776,4096,1,0,gemm
gemm6ud7mk9lkvfzu0gy,7,23.448945,4096,1,0,gemm
gemm6ud7mk9lkvfzu0gy,7,23.464302,4096,1,0,gemm
gemm6ud7mk9lkvfzu0gy,7,23.417827,4096,1,0,gemm
gemm6ud7mk9lkvfzu0gy,7,23.601415,4096,1,0,gemm
gemm6ud7mk9lkvfzu0gy,7,23.648233,4096,1,0,gemm
gemm6ud7mk9lkvfzu0gy,7,23.528299,4096,1,0,gemm
gemm6ud7mk9lkvfzu0gy,8,23.301323,4096,1,0,gemm
gemm6ud7mk9lkvfzu0gy,8,23.765659,4096,1,0,gemm
gemm6ud7mk9lkvfzu0gy,8,23.631339,4096,1,0,gemm
gemm6ud7mk9lkvfzu0gy,8,23.341952,4096,1,0,gemm
gemm6ud7mk9lkvfzu0gy,8,23.184364,4096,1,0,gemm
gemm6ud7mk9lkvfzu0gy,8,23.238701,4096,1,0,gemm
gemm6ud7mk9lkvfzu0gy,8,23.519872,4096,1,0,gemm
gemm6ud7mk9lkvfzu0gy,8,23.440333,4096,1,0,gemm
gemm6ud7mk9lkvfzu0gy,8,23.597805,4096,1,0,gemm
gemm6ud7mk9lkvfzu0gy,8,23.666102,4096,1,0,gemm
gemmc0uff27yttajrcq2,1,0.0242,513,1,0,gemm
gemmc0uff27yttajrcq2,1,0.023319,513,1,0,gemm
gemmc0uff27yttajrcq2,1,0.022929,513,1,0,gemm
gemmc0uff27yttajrcq2,1,0.023364,513,1,0,gemm
gemmc0uff27yttajrcq2,1,0.023569,513,1,0,gemm
gemmc0uff27yttajrcq2,1,0.022711,513,1,0,gemm
gemmc0uff27yttajrcq2,1,0.023882,513,1,0,gemm
gemmc0uff27yttajrcq2,1,0.023936,513,1,0,gemm
gemmc0uff27yttajrcq2,1,0.023036,513,1,0,gemm
gemmc0uff27yttajrcq2,1,0.023679,513,1,0,gemm
gemmc0uff27yttajrcq2,2,0.023994,513,1,0,gemm
gemmc0uff27yttajrcq2,2,0.023849,513,1,0,gemm
gemmc0uff27yttajrcq2,2,0.023522,513,1,0,gemm
gemmc0uff27yttajrcq2,2,0.023807,513,1,0,gemm
gemmc0uff27yttajrcq2,2,0.02411,513,1,0,gemm
gemmc0uff27yttajrcq2,2,0.023791,513,1,0,gemm
gemmc0uff27yttajrcq2,2,0.024196,513,1,0,gemm
gemmc0uff27yttajrcq2,2,0.023902,513,1,0,gemm
gemmc0uff27yttajrcq2,2,0.023902,513,1,0,gemm
gemmc0uff27yttajrcq2,2,0.02369,513,1,0,gemm
gemmc0uff27yttajrcq2,3,0.024042,513,1,0,gemm
gemmc0uff27yttajrcq2,3,0.023444,513,1,0,gemm
gemmc0uff27yttajrcq2,3,0.023955,513,1,0,gemm
gemmc0uff27yttajrcq2,3,0.023884,513,1,0,gemm
gemmc0uff27yttajrcq2,3,0.023963,513,1,0,gemm
gemmc0uff27yttajrcq2,3,0.024594,513,1,0,gemm
gemmc0uff27yttajrcq2,3,0.024167,513,1,0,gemm
gemmc0uff27yttajrcq2,3,0.023146,513,1,0,gemm
gemmc0uff27yttajrcq2,3,0.023951,513,1,0,gemm
gemmc0uff27yttajrcq2,3,0.023194,513,1,0,gemm
gemmc0uff27yttajrcq2,4,0.024245,513,1,0,gemm
gemmc0uff27yttajrcq2,4,0.023842,513,1,0,gemm
gemmc0uff27yttajrcq2,4,0.022759,513,1,0,gemm
gemmc0uff27yttajrcq2,4,0.023347,513,1,0,gemm
gemmc0uff27yttajrcq2,4,0.024124,513,1,0,gemm
gemmc0uff27yttajrcq2,4,0.023617,513,1,0,gemm
gemmc0uff27yttajrcq2,4,0.023654,513,1,0,gemm
gemmc0uff27yttajrcq2,4,0.023591,513,1,0,gemm
gemmc0uff27yttajrcq2,4,0.024334,513,1,0,gemm
gemmc0uff27yttajrcq2,4,0.0241,513,1,0,gemm
gemmc0uff27yttajrcq2,5,0.022802,513,1,0,gemm
gemmc0uff27yttajrcq2,5,0.023221,513,1,0,gemm
gemmc0uff27yttajrcq2,5,0.023431,513,1,0,gemm
gemmc0uff27yttajrcq2,5,0.024302,513,1,0,gemm
gemmc0uff27yttajrcq2,5,0.023574,513,1,0,gemm
gemmc0uff27yttajrcq2,5,0.024217,513,1,0,gemm
gemmc0uff27yttajrcq2,5,0.023458,513,1,0,gemm
gemmc0uff27yttajrcq2,5,0.023279,513,1,0,gemm
gemmc0uff27yttajrcq2,5,0.024776,513,1,0,gemm
gemmc0uff27yttajrcq2,5,0.023271,513,1,0,gemm
gemmc0uff27yttajrcq2,6,0.023352,513,1,0,gemm
gemmc0uff27yttajrcq2,6,0.024495,513,1,0,gemm
gemmc0uff27yttajrcq2,6,0.024081,513,1,0,gemm
gemmc0uff27yttajrcq2,6,0.02443,513,1,0,gemm
gemmc0uff27yttajrcq2,6,0.023458,513,1,0,gemm
gemmc0uff27yttajrcq2,6,0.023404,513,1,0,gemm
gemmc0uff27yttajrcq2,6,0.024019,513,1,0,gemm
gemmc0uff27yttajrcq2,6,0.023133,513,1,0,gemm
gemmc0uff27yttajrcq2,6,0.024288,513,1,0,gemm
gemmc0uff27yttajrcq2,6,0.022963,513,1,0,gemm
gemmc0uff27yttajrcq2,7,0.02307,513,1,0,gemm
gemmc0uff27yttajrcq2,7,0.022702,513,1,0,gemm
gemmc0uff27yttajrcq2,7,0.023592,513,1,0,gemm
gemmc0uff27yttajrcq2,7,0.022566,513,1,0,gemm
gemmc0uff27yttajrcq2,7,0.023286,513,1,0,gemm
gemmc0uff27yttajrcq2,7,0.023849,513,1,0,gemm
gemmc0uff27yttajrcq2,7,0.023437,513,1,0,gemm
gemmc0uff27yttajrcq2,7,0.024333,513,1,0,gemm
gemmc0uff27yttajrcq2,7,0.023957,513,1,0,gemm
gemmc0uff27yttajrcq2,7,0.024174,513,1,0,gemm
gemmc0uff27yttajrcq2,8,0.023314,513,1,0,gemm
gemmc0uff27yttajrcq2,8,0.023982,513,1,0,gemm
gemmc0uff27yttajrcq2,8,0.022639,513,1,0,gemm
gemmc0uff27yttajrcq2,8,0.024454,513,1,0,gemm
gemmc0uff27yttajrcq2,8,0.023487,513,1,0,gemm
gemmc0uff27yttajrcq2,8,0.023785,513,1,0,gemm
gemmc0uff27yttajrcq2,8,0.023164,513,1,0,gemm
gemmc0uff27yttajrcq2,8,0.023926,513,1,0,gemm
gemmc0uff27yttajrcq2,8,0.024107,513,1,0,gemm
gemmc0uff27yttajrcq2,8,0.023521,513,1,0,gemm
gemmrspwz8lqk452ynzi,1,0.020587,512,1,0,gemm
gemmrspwz8lqk452ynzi,1,0.020828,512,1,0,gemm
gemmrspwz8lqk452ynzi,1,0.020929,512,1,0,gemm
gemmrspwz8lqk452ynzi,1,0.020489,512,1,0,gemm
gemmrspwz8lqk452ynzi,1,0.020942,512,1,0,gemm
gemmrspwz8lqk452ynzi,1,0.021497,512,1,0,gemm
gemmrspwz8lqk452ynzi,1,0.020984,512,1,0,gemm
gemmrspwz8lqk452ynzi,1,0.020822,512,1,0,gemm
gemmrspwz8lqk452ynzi,1,0.020427,512,1,0,gemm
gemmrspwz8lqk452ynzi,1,0.020595,512,1,0,gemm
gemmrspwz8lqk452ynzi,2,0.021511,512,1,0,gemm
gemmrspwz8lqk452ynzi,2,0.020354,512,1,0,gemm
gemmrspwz8lqk452ynzi,2,0.021397,512,1,0,gemm
gemmrspwz8lqk452ynzi,2,0.020652,512,1,0,gemm
gemmrspwz8lqk452ynzi,2,0.020226,512,1,0,gemm
gemmrspwz8lqk452ynzi,2,0.020763,512,1,0,gemm
gemmrspwz8lqk452ynzi,2,0.020137,512,1,0,gemm
gemmrspwz8lqk452ynzi,2,0.020935,512,1,0,gemm
gemmrspwz8lqk452ynzi,2,0.020575,512,1,0,gemm
gemmrspwz8lqk452ynzi,2,0.021059,512,1,0,gemm
gemmrspwz8lqk452ynzi,3,0.0212,512,1,0,gemm
gemmrspwz8lqk452ynzi,3,0.021489,512,1,0,gemm
gemmrspwz8lqk452ynzi,3,0.020745,512,1,0,gemm
gemmrspwz8lqk452ynzi,3,0.020357,512,1,0,gemm
gemmrspwz8lqk452ynzi,3,0.021231,512,1,0,gemm
gemmrspwz8lqk452ynzi,3,0.020894,512,1,0,gemm
gemmrspwz8lqk452ynzi,3,0.019849,512,1,0,gemm
gemmrspwz8lqk452ynzi,3,0.020817,512,1,0,gemm
gemmrspwz8lqk452ynzi,3,0.021088,512,1,0,gemm
gemmrspwz8lqk452ynzi,3,0.020071,512,1,0,gemm
gemmrspwz8lqk452ynzi,4,0.020386,512,1,0,gemm
gemmrspwz8lqk452ynzi,4,0.020108,512,1,0,gemm
gemmrspwz8lqk452ynzi,4,0.020177,512,1,0,gemm
gemmrspwz8lqk452ynzi,4,0.020661,512,1,0,gemm
gemmrspwz8lqk452ynzi,4,0.020401,512,1,0,gemm
gemmrspwz8lqk452ynzi,4,0.020799,512,1,0,gemm
gemmrspwz8lqk452ynzi,4,0.020433,512,1,0,gemm
gemmrspwz8lqk452ynzi,4,0.021666,512,1,0,gemm
gemmrspwz8lqk452ynzi,4,0.020687,512,1,0,gemm
gemmrspwz8lqk452ynzi,4,0.0201,512,1,0,gemm
gemmrspwz8lqk452ynzi,5,0.020656,512,1,0,gemm
gemmrspwz8lqk452ynzi,5,0.020753,512,1,0,gemm
gemmrspwz8lqk452ynzi,5,0.020609,512,1,0,gemm
gemmrspwz8lqk452ynzi,5,0.020834,512,1,0,gemm
gemmrspwz8lqk452ynzi,5,0.020998,512,1,0,gemm
gemmrspwz8lqk452ynzi,5,0.020592,512,1,0,gemm
gemmrspwz8lqk452ynzi,5,0.020236,512,1,0,gemm
gemmrspwz8lqk452ynzi,5,0.02028,512,1,0,gemm
gemmrspwz8lqk452ynzi,5,0.0208,512,1,0,gemm
gemmrspwz8lqk452ynzi,5,0.020211,512,1,0,gemm
gemmrspwz8lqk452ynzi,6,0.020682,512,1,0,gemm
gemmrspwz8lqk452ynzi,6,0.020397,512,1,0,gemm
gemmrspwz8lqk452ynzi,6,0.021241,512,1,0,gemm
gemmrspwz8lqk452ynzi,6,0.019892,512,1,0,gemm
gemmrspwz8lqk452ynzi,6,0.020783,512,1,0,gemm
gemmrspwz8lqk452ynzi,6,0.021245,512,1,0,gemm
gemmrspwz8lqk452ynzi,6,0.022948,512,1,0,gemm
gemmrspwz8lqk452ynzi,6,0.019956,512,1,0,gemm
gemmrspwz8lqk452ynzi,6,0.020262,512,1,0,gemm
gemmrspwz8lqk452ynzi,6,0.020715,512,1,0,gemm
gemmrspwz8lqk452ynzi,7,0.02074,512,1,0,gemm
gemmrspwz8lqk452ynzi,7,0.021752,512,1,0,gemm
gemmrspwz8lqk452ynzi,7,0.020857,512,1,0,gemm
gemmrspwz8lqk452ynzi,7,0.021679,512,1,0,gemm
gemmrspwz8lqk452ynzi,7,0.020939,512,1,0,gemm
gemmrspwz8lqk452ynzi,7,0.021549,512,1,0,gemm
gemmrspwz8lqk452ynzi,7,0.020838,512,1,0,gemm
gemmrspwz8lqk452ynzi,7,0.019813,512,1,0,gemm
gemmrspwz8lqk452ynzi,7,0.020944,512,1,0,gemm
gemmrspwz8lqk452ynzi,7,0.020706,512,1,0,gemm
gemmrspwz8lqk452ynzi,8,0.020345,512,1,0,gemm
gemmrspwz8lqk452ynzi,8,0.020702,512,1,0,gemm
gemmrspwz8lqk452ynzi,8,0.020711,512,1,0,gemm
gemmrspwz8lqk452ynzi,8,0.019983,512,1,0,gemm
gemmrspwz8lqk452ynzi,8,0.020979,512,1,0,gemm
gemmrspwz8lqk452ynzi,8,0.020637,512,1,0,gemm
gemmrspwz8lqk452ynzi,8,0.020757,512,1,0,gemm
gemmrspwz8lqk452ynzi,8,0.020424,512,1,0,gemm
gemmrspwz8lqk452ynzi,8,0.020786,512,1,0,gemm
gemmrspwz8lqk452ynzi,8,0.020006,512,1,0,gemm
gemmrn7o359lclbbv7ew,1,0.175383,1030,1,0,gemm
gemmrn7o359lclbbv7ew,1,0.177587,1030,1,0,gemm
gemmrn7o359lclbbv7ew,1,0.174124,1030,1,0,gemm
gemmrn7o359lclbbv7ew,1,0.174101,1030,1,0,gemm
gemmrn7o359lclbbv7ew,1,0.171213,1030,1,0,gemm
gemmrn7o359lclbbv7ew,1,0.173783,1030,1,0,gemm
gemmrn7o359lclbbv7ew,1,0.176559,1030,1,0,gemm
gemmrn7o359lclbbv7ew,1,0.174322,1030,1,0,gemm
gemmrn7o359lclbbv7ew,1,0.17715,1030,1,0,gemm
gemmrn7o359lclbbv7ew,1,0.176383,1030,1,0,gemm
gemmrn7o359lclbbv7ew,2,0.173394,1030,1,0,gemm
gemmrn7o359lclbbv7ew,2,0.172107,1030,1,0,gemm
gemmrn7o359lclbbv7ew,2,0.174283,1030,1,0,gemm
gemmrn7o359lclbbv7ew,2,0.170031,1030,1,0,gemm
gemmrn7o359lclbbv7ew,2,0.166934,1030,1,0,gemm
gemmrn7o359lclbbv7ew,2,0.172586,1030,1,0,gemm
gemmrn7o359lclbbv7ew,2,0.178226,1030,1,0,gemm
gemmrn7o359lclbbv7ew,2,0.178273,1030,1,0,gemm
gemmrn7o359lclbbv7ew,2,0.169123,1030,1,0,gemm
gemmrn7o359lclbbv7ew,2,0.166382,1030,1,0,gemm
gemmrn7o359lclbbv7ew,3,0.169635,1030,1,0,gemm
gemmrn7o359lclbbv7ew,3,0.175951,1030,1,0,gemm
gemmrn7o359lclbbv7ew,3,0.172259,1030,1,0,gemm
gemmrn7o359lclbbv7ew,3,0.173877,1030,1,0,gemm
gemmrn7o359lclbbv7ew,3,0.177261,1030,1,0,gemm
gemmrn7o359lclbbv7ew,3,0.177337,1030,1,0,gemm
gemmrn7o359lclbbv7ew,3,0.176581,1030,1,0,gemm
gemmrn7o359lclbbv7ew,3,0.177846,1030,1,0,gemm
gemmrn7o359lclbbv7ew,3,0.183218,1030,1,0,gemm
gemmrn7o359lclbbv7ew,3,0.175441,1030,1,0,gemm
gemmrn7o359lclbbv7ew,4,0.173666,1030,1,0,gemm
gemmrn7o359lclbbv7ew,4,0.172077,1030,1,0,gemm
gemmrn7o359lclbbv7ew,4,0.174732,1030,1,0,gemm
gemmrn7o359lclbbv7ew,4,0.177927,1030,1,0,gemm
gemmrn7o359lclbbv7ew,4,0.167489,1030,1,0,gemm
gemmrn7o359lclbbv7ew,4,0.170424,1030,1,0,gemm
gemmrn7o359lclbbv7ew,4,0.176332,1030,1,0,gemm
gemmrn7o359lclbbv7ew,4,0.180234,1030,1,0,gemm
gemmrn7o359lclbbv7ew,4,0.170252,1030,1,0,gemm
gemmrn7o359lclbbv7ew,4,0.174186,1030,1,0,gemm
gemmrn7o359lclbbv7ew,5,0.179107,1030,1,0,gemm
gemmrn7o359lclbbv7ew,5,0.174696,1030,1,0,gemm
gemmrn7o359lclbbv7ew,5,0.176454,1030,1,0,gemm
gemmrn7o359lclbbv7ew,5,0.168274,1030,1,0,gemm
gemmrn7o359lclbbv7ew,5,0.169809,1030,1,0,gemm
gemmrn7o359lclbbv7ew,5,0.165576,1030,1,0,gemm
gemmrn7o359lclbbv7ew,5,0.170989,1030,1,0,gemm
gemmrn7o359lclbbv7ew,5,0.163985,1030,1,0,gemm
gemmrn7o359lclbbv7ew,5,0.167568,1030,1,0,gemm
gemmrn7o359lclbbv7ew,5,0.169623,1030,1,0,gemm
gemmrn7o359lclbbv7ew,6,0.171755,1030,1,0,gemm
gemmrn7o359lclbbv7ew,6,0.164915,1030,1,0,gemm
gemmrn7o359lclbbv7ew,6,0.173343,1030,1,0,gemm
gemmrn7o359lclbbv7ew,6,0.16623,1030,1,0,gemm
gemmrn7o359lclbbv7ew,6,0.17643,1030,1,0,gemm
gemmrn7o359lclbbv7ew,6,0.177177,1030,1,0,gemm
gemmrn7o359lclbbv7ew,6,0.172037,1030,1,0,gemm
gemmrn7o359lclbbv7ew,6,0.173201,1030,1,0,gemm
gemmrn7o359lclbbv7ew,6,0.170588,1030,1,0,gemm
gemmrn7o359lclbbv7ew,6,0.174389,1030,1,0,gemm
gemmrn7o359lclbbv7ew,7,0.173604,1030,1,0,gemm
gemmrn7o359lclbbv7ew,7,0.172964,1030,1,0,gemm
gemmrn7o359lclbbv7ew,7,0.180063,1030,1,0,gemm
gemmrn7o359lclbbv7ew,7,0.17036,1030,1,0,gemm
gemmrn7o359lclbbv7ew,7,0.171615,1030,1,0,gemm
gemmrn7o359lclbbv7ew,7,0.17737,1030,1,0,gemm
gemmrn7o359lclbbv7ew,7,0.174385,1030,1,0,gemm
gemmrn7o359lclbbv7ew,7,0.178625,1030,1,0,gemm
gemmrn7o359lclbbv7ew,7,0.165186,1030,1,0,gemm
gemmrn7o359lclbbv7ew,7,0.174071,1030,1,0,gemm
gemmrn7o359lclbbv7ew,8,0.17011,1030,1,0,gemm
gemmrn7o359lclbbv7ew,8,0.171846,1030,1,0,gemm
gemmrn7o359lclbbv7ew,8,0.165181,1030,1,0,gemm
gemmrn7o359lclbbv7ew,8,0.174505,1030,1,0,gemm
gemmrn7o359lclbbv7ew,8,0.173635,1030,1,0,gemm
gemmrn7o359lclbbv7ew,8,0.175809,1030,1,0,gemm
gemmrn7o359lclbbv7ew,8,0.175649,1030,1,0,gemm
gemmrn7o359lclbbv7ew,8,0.173727,1030,1,0,gemm
gemmrn7o359lclbbv7ew,8,0.171525,1030,1,0,gemm
gemmrn7o359lclbbv7ew,8,0.183237,1030,1,0,gemm
gemmlcd2ckqd6dolzd21,1,2.347003,2048,1,0,gemm
gemmlcd2ckqd6dolzd21,1,2.456632,2048,1,0,gemm
gemmlcd2ckqd6dolzd21,1,2.321888,2048,1,0,gemm
gemmlcd2ckqd6dolzd21,1,2.4608,2048,1,0,gemm
gemmlcd2ckqd6dolzd21,1,2.339579,2048,1,0,gemm
gemmlcd2ckqd6dolzd21,1,2.453617,2048,1,0,gemm
gemmlcd2ckqd6dolzd21,1,2.330097,2048,1,0,gemm
gemmlcd2ckqd6dolzd21,1,2.471629,2048,1,0,gemm
gemmlcd2ckqd6dolzd21,1,2.327712,2048,1,0,gemm
gemmlcd2ckqd6dolzd21,1,2.473618,2048,1,0,gemm
gemmlcd2ckqd6dolzd21,2,2.322699,2048,1,0,gemm
gemmlcd2ckqd6dolzd21,2,2.444035,2048,1,0,gemm
gemmlcd2ckqd6dolzd21,2,2.322797,2048,1,0,gemm
gemmlcd2ckqd6dolzd21,2,2.44079,2048,1,0,gemm
gemmlcd2ckqd6dolzd21,2,2.319282,2048,1,0,gemm
gemmlcd2ckqd6dolzd21,2,2.443293,2048,1,0,gemm
gemmlcd2ckqd6dolzd21,2,2.343719,2048,1,0,gemm
gemmlcd2ckqd6dolzd21,2,2.447659,2048,1,0,gemm
gemmlcd2ckqd6dolzd21,2,2.366294,2048,1,0,gemm
gemmlcd2ckqd6dolzd21,2,2.527357,2048,1,0,gemm
gemmlcd2ckqd6dolzd21,3,2.372197,2048,1,0,gemm
gemmlcd2ckqd6dolzd21,3,2.536384,2048,1,0,gemm
gemmlcd2ckqd6dolzd21,3,2.392269,2048,1,0,gemm
gemmlcd2ckqd6dolzd21,3,2.46233,2048,1,0,gemm
gemmlcd2ckqd6dolzd21,3,2.366933,2048,1,0,gemm
gemmlcd2ckqd6dolzd21,3,2.502375,2048,1,0,gemm
gemmlcd2ckqd6dolzd21,3,2.380766,2048,1,0,gemm
gemmlcd2ckqd6dolzd21,3,2.460613,2048,1,0,gemm
gemmlcd2ckqd6dolzd21,3,2.36662,2048,1,0,gemm
gemmlcd2ckqd6dolzd21,3,2.522717,2048,1,0,gemm
gemmlcd2ckqd6dolzd21,4,2.401249,2048,1,0,gemm
gemmlcd2ckqd6dolzd21,4,2.511129,2048,1,0,gemm
gemmlcd2ckqd6dolzd21,4,2.327323,2048,1,0,gemm
gemmlcd2ckqd6dolzd21,4,2.454015,2048,1,0,gemm
gemmlcd2ckqd6dolzd21,4,2.35895,2048,1,0,gemm
gemmlcd2ckqd6dolzd21,4,2.494492,2048,1,0,gemm
gemmlcd2ckqd6dolzd21,4,2.352946,2048,1,0,gemm
gemmlcd2ckqd6dolzd21,4,2.556501,2048,1,0,gemm
gemmlcd2ckqd6dolzd21,4,2.382396,2048,1,0,gemm
gemmlcd2ckqd6dolzd21,4,2.505094,2048,1,0,gemm
gemmlcd2ckqd6dolzd21,5,2.415488,2048,1,0,gemm
gemmlcd2ckqd6dolzd21,5,2.510613,2048,1,0,gemm
gemmlcd2ckqd6dolzd21,5,2.340648,2048,1,0,gemm
gemmlcd2ckqd6dolzd21,5,2.468443,2048,1,0,gemm
gemmlcd2ckqd6dolzd21,5,2.397387,2048,1,0,gemm
gemmlcd2ckqd6dolzd21,5,2.521119,2048,1,0,gemm
gemmlcd2ckqd6dolzd21,5,2.327211,2048,1,0,gemm
gemmlcd2ckqd6dolzd21,5,2.502746,2048,1,0,gemm
gemmlcd2ckqd6dolzd21,5,2.399978,2048,1,0,gemm
gemmlcd2ckqd6dolzd21,5,2.515522,2048,1,0,gemm
gemmlcd2ckqd6dolzd21,6,2.498427,2048,1,0,gemm
gemmlcd2ckqd6dolzd21,6,2.477012,2048,1,0,gemm
gemmlcd2ckqd6dolzd21,6,2.357047,2048,1,0,gemm
gemmlcd2ckqd6dolzd21,6,2.496162,2048,1,0,gemm
gemmlcd2ckqd6dolzd21,6,2.426114,2048,1,0,gemm
gemmlcd2ckqd6dolzd21,6,2.554726,2048,1,0,gemm
gemmlcd2ckqd6dolzd21,6,2.393359,2048,1,0,gemm
gemmlcd2ckqd6dolzd21,6,2.549213,2048,1,0,gemm
gemmlcd2ckqd6dolzd21,6,2.389242,2048,1,0,gemm
gemmlcd2ckqd6dolzd21,6,2.504971,2048,1,0,gemm
gemmlcd2ckqd6dolzd21,7,2.347557,2048,1,0,gemm
gemmlcd2ckqd6dolzd21,7,2.498126,2048,1,0,gemm
gemmlcd2ckqd6dolzd21,7,2.344946,2048,1,0,gemm
gemmlcd2ckqd6dolzd21,7,2.499103,2048,1,0,gemm
gemmlcd2ckqd6dolzd21,7,2.347068,2048,1,0,gemm
gemmlcd2ckqd6dolzd21,7,2.337028,2048,1,0,gemm
gemmlcd2ckqd6dolzd21,7,2.406669,2048,1,0,gemm
gemmlcd2ckqd6dolzd21,7,2.379411,2048,1,0,gemm
gemmlcd2ckqd6dolzd21,7,2.470695,2048,1,0,gemm
gemmlcd2ckqd6dolzd21,7,2.397748,2048,1,0,gemm
gemmlcd2ckqd6dolzd21,8,2.405558,2048,1,0,gemm
gemmlcd2ckqd6dolzd21,8,2.379884,2048,1,0,gemm
gemmlcd2ckqd6dolzd21,8,2.381874,2048,1,0,gemm
gemmlcd2ckqd6dolzd21,8,2.377654,2048,1,0,gemm
gemmlcd2ckqd6dolzd21,8,2.377795,2048,1,0,gemm
gemmlcd2ckqd6dolzd21,8,2.31573,2048,1,0,gemm
gemmlcd2ckqd6dolzd21,8,2.322765,2048,1,0,gemm
gemmlcd2ckqd6dolzd21,8,2.343619,2048,1,0,gemm
gemmlcd2ckqd6dolzd21,8,2.385589,2048,1,0,gemm
gemmlcd2ckqd6dolzd21,8,2.330057,2048,1,0,gemm
gemm.openmpva0gzhcwue3n0rtl,1,0.184879,1024,1,1,gemm.openmp
gemm.openmpva0gzhcwue3n0rtl,1,0.180221,1024,1,1,gemm.openmp
gemm.openmpva0gzhcwue3n0rtl,1,0.178582,1024,1,1,gemm.openmp
gemm.openmpva0gzhcwue3n0rtl,1,0.178726,1024,1,1,gemm.openmp
gemm.openmpva0gzhcwue3n0rtl,1,0.181628,1024,1,1,gemm.openmp
gemm.openmpva0gzhcwue3n0rtl,1,0.185868,1024,1,1,gemm.openmp
gemm.openmpva0gzhcwue3n0rtl,1,0.182042,1024,1,1,gemm.openmp
gemm.openmpva0gzhcwue3n0rtl,1,0.181989,1024,1,1,gemm.openmp
gemm.openmpva0gzhcwue3n0rtl,1,0.180498,1024,1,1,gemm.openmp
gemm.openmpva0gzhcwue3n0rtl,1,0.184382,1024,1,1,gemm.openmp
gemm.openmpva0gzhcwue3n0rtl,2,0.156026,1024,1,1,gemm.openmp
gemm.openmpva0gzhcwue3n0rtl,2,0.157545,1024,1,1,gemm.openmp
gemm.openmpva0gzhcwue3n0rtl,2,0.15728,1024,1,1,gemm.openmp
gemm.openmpva0gzhcwue3n0rtl,2,0.157417,1024,1,1,gemm.openmp
gemm.openmpva0gzhcwue3n0rtl,2,0.157445,1024,1,1,gemm.openmp
gemm.openmpva0gzhcwue3n0rtl,2,0.158844,1024,1,1,gemm.openmp
gemm.openmpva0gzhcwue3n0rtl,2,0.155224,1024,1,1,gemm.openmp
gemm.openmpva0gzhcwue3n0rtl,2,0.156379,1024,1,1,gemm.openmp
gemm.openmpva0gzhcwue3n0rtl,2,0.154644,1024,1,1,gemm.openmp
gemm.openmpva0gzhcwue3n0rtl,2,0.154174,1024,1,1,gemm.openmp
gemm.openmpva0gzhcwue3n0rtl,3,0.10388,1024,1,1,gemm.openmp
gemm.openmpva0gzhcwue3n0rtl,3,0.10456,1024,1,1,gemm.openmp
gemm.openmpva0gzhcwue3n0rtl,3,0.103646,1024,1,1,gemm.openmp
gemm.openmpva0gzhcwue3n0rtl,3,0.10603,1024,1,1,gemm.openmp
gemm.openmpva0gzhcwue3n0rtl,3,0.105157,1024,1,1,gemm.openmp
gemm.openmpva0gzhcwue3n0rtl,3,0.105537,1024,1,1,gemm.openmp
gemm.openmpva0gzhcwue3n0rtl,3,0.103789,1024,1,1,gemm.openmp
gemm.openmpva0gzhcwue3n0rtl,3,0.102764,1024,1,1,gemm.openmp
gemm.openmpva0gzhcwue3n0rtl,3,0.104767,1024,1,1,gemm.openmp
gemm.openmpva0gzhcwue3n0rtl,3,0.106794,1024,1,1,gemm.openmp
gemm.openmpva0gzhcwue3n0rtl,4,0.078385,1024,1,1,gemm.openmp
gemm.openmpva0gzhcwue3n0rtl,4,0.077887,1024,1,1,gemm.openmp
gemm.openmpva0gzhcwue3n0rtl,4,0.078551,1024,1,1,gemm.openmp
gemm.openmpva0gzhcwue3n0rtl,4,0.078127,1024,1,1,gemm.openmp
gemm.openmpva0gzhcwue3n0rtl,4,0.079963,1024,1,1,gemm.openmp
gemm.openmpva0gzhcwue3n0rtl,4,0.078888,1024,1,1,gemm.openmp
gemm.openmpva0gzhcwue3n0rtl,4,0.080009,1024,1,1,gemm.openmp
gemm.openmpva0gzhcwue3n0rtl,4,0.080881,1024,1,1,gemm.openmp
gemm.openmpva0gzhcwue3n0rtl,4,0.07838,1024,1,1,gemm.openmp
gemm.openmpva0gzhcwue3n0rtl,4,0.078689,1024,1,1,gemm.openmp
gemm.openmpva0gzhcwue3n0rtl,5,0.06373,1024,1,1,gemm.openmp
gemm.openmpva0gzhcwue3n0rtl,5,0.063078,1024,1,1,gemm.openmp
gemm.openmpva0gzhcwue3n0rtl,5,0.064917,1024,1,1,gemm.openmp
gemm.openmpva0gzhcwue3n0rtl,5,0.063972,1024,1,1,gemm.openmp
gemm.openmpva0gzhcwue3n0rtl,5,0.064213,1024,1,1,gemm.openmp
gemm.openmpva0gzhcwue3n0rtl,5,0.063379,1024,1,1,gemm.openmp
gemm.openmpva0gzhcwue3n0rtl,5,0.062724,1024,1,1,gemm.openmp
gemm.openmpva0gzhcwue3n0rtl,5,0.06249,1024,1,1,gemm.openmp
gemm.openmpva0gzhcwue3n0rtl,5,0.062793,1024,1,1,gemm.openmp
gemm.openmpva0gzhcwue3n0rtl,5,0.063971,1024,1,1,gemm.openmp
gemm.openmpva0gzhcwue3n0rtl,6,0.05189,1024,1,1,gemm.openmp
gemm.openmpva0gzhcwue3n0rtl,6,0.05268,1024,1,1,gemm.openmp
gemm.openmpva0gzhcwue3n0rtl,6,0.052826,1024,1,1,gemm.openmp
gemm.openmpva0gzhcwue3n0rtl,6,0.054262,1024,1,1,gemm.openmp
gemm.openmpva0gzhcwue3n0rtl,6,0.052503,1024,1,1,gemm.openmp
gemm.openmpva0gzhcwue3n0rtl,6,0.054205,1024,1,1,gemm.openmp
gemm.openmpva0gzhcwue3n0rtl,6,0.052377,1024,1,1,gemm.openmp
gemm.openmpva0gzhcwue3n0rtl,6,0.05188,1024,1,1,gemm.openmp
gemm.openmpva0gzhcwue3n0rtl,6,0.053212,1024,1,1,gemm.openmp
gemm.openmpva0gzhcwue3n0rtl,6,0.052439,1024,1,1,gemm.openmp
gemm.openmpva0gzhcwue3n0rtl,7,0.046206,1024,1,1,gemm.openmp
gemm.openmpva0gzhcwue3n0rtl,7,0.045515,1024,1,1,gemm.openmp
gemm.openmpva0gzhcwue3n0rtl,7,0.046062,1024,1,1,gemm.openmp
gemm.openmpva0gzhcwue3n0rtl,7,0.045232,1024,1,1,gemm.openmp
gemm.openmpva0gzhcwue3n0rtl,7,0.045851,1024,1,1,gemm.openmp
gemm.openmpva0gzhcwue3n0rtl,7,0.045594,1024,1,1,gemm.openmp
gemm.openmpva0gzhcwue3n0rtl,7,0.046442,1024,1,1,gemm.openmp
gemm.openmpva0gzhcwue3n0rtl,7,0.046083,1024,1,1,gemm.openmp
gemm.openmpva0gzhcwue3n0rtl,7,0.045601,1024,1,1,gemm.openmp
gemm.openmpva0gzhcwue3n0rtl,7,0.046432,1024,1,1,gemm.openmp
gemm.openmpva0gzhcwue3n0rtl,8,0.040218,1024,1,1,gemm.openmp
gemm.openmpva0gzhcwue3n0rtl,8,0.040708,1024,1,1,gemm.openmp
gemm.openmpva0gzhcwue3n0rtl,8,0.04031,1024,1,1,gemm.openmp
gemm.openmpva0gzhcwue3n0rtl,8,0.040908,1024,1,1,gemm.openmp
gemm.openmpva0gzhcwue3n0rtl,8,0.040541,1024,1,1,gemm.openmp
gemm.openmpva0gzhcwue3n0rtl,8,0.040518,1024,1,1,gemm.openmp
gemm.openmpva0gzhcwue3n0rtl,8,0.040791,1024,1,1,gemm.openmp
gemm.openmpva0gzhcwue3n0rtl,8,0.040489,1024,1,1,gemm.openmp
gemm.openmpva0gzhcwue3n0rtl,8,0.041014,1024,1,1,gemm.openmp
gemm.openmpva0gzhcwue3n0rtl,8,0.040939,1024,1,1,gemm.openmp
gemm.openmpip5eorc4np0tezmx,1,2.353202,2048,1,1,gemm.openmp
gemm.openmpip5eorc4np0tezmx,1,2.423927,2048,1,1,gemm.openmp
gemm.openmpip5eorc4np0tezmx,1,2.321394,2048,1,1,gemm.openmp
gemm.openmpip5eorc4np0tezmx,1,2.554743,2048,1,1,gemm.openmp
gemm.openmpip5eorc4np0tezmx,1,2.247039,2048,1,1,gemm.openmp
gemm.openmpip5eorc4np0tezmx,1,2.535253,2048,1,1,gemm.openmp
gemm.openmpip5eorc4np0tezmx,1,2.243466,2048,1,1,gemm.openmp
gemm.openmpip5eorc4np0tezmx,1,2.536051,2048,1,1,gemm.openmp
gemm.openmpip5eorc4np0tezmx,1,2.247478,2048,1,1,gemm.openmp
gemm.openmpip5eorc4np0tezmx,1,2.540064,2048,1,1,gemm.openmp
gemm.openmpip5eorc4np0tezmx,2,1.598578,2048,1,1,gemm.openmp
gemm.openmpip5eorc4np0tezmx,2,1.763498,2048,1,1,gemm.openmp
gemm.openmpip5eorc4np0tezmx,2,1.621975,2048,1,1,gemm.openmp
gemm.openmpip5eorc4np0tezmx,2,1.753449,2048,1,1,gemm.openmp
gemm.openmpip5eorc4np0tezmx,2,1.618068,2048,1,1,gemm.openmp
gemm.openmpip5eorc4np0tezmx,2,1.76141,2048,1,1,gemm.openmp
gemm.openmpip5eorc4np0tezmx,2,1.599804,2048,1,1,gemm.openmp
gemm.openmpip5eorc4np0tezmx,2,1.764296,2048,1,1,gemm.openmp
gemm.openmpip5eorc4np0tezmx,2,1.63122,2048,1,1,gemm.openmp
gemm.openmpip5eorc4np0tezmx,2,1.750117,2048,1,1,gemm.openmp
gemm.openmpip5eorc4np0tezmx,3,0.996062,2048,1,1,gemm.openmp
gemm.openmpip5eorc4np0tezmx,3,0.996815,2048,1,1,gemm.openmp
gemm.openmpip5eorc4np0tezmx,3,1.002934,2048,1,1,gemm.openmp
gemm.openmpip5eorc4np0tezmx,3,1.031484,2048,1,1,gemm.openmp
gemm.openmpip5eorc4np0tezmx,3,1.021416,2048,1,1,gemm.openmp
gemm.openmpip5eorc4np0tezmx,3,1.011286,2048,1,1,gemm.openmp
gemm.openmpip5eorc4np0tezmx,3,1.024631,2048,1,1,gemm.openmp
gemm.openmpip5eorc4np0tezmx,3,0.932545,2048,1,1,gemm.openmp
gemm.openmpip5eorc4np0tezmx,3,1.02709,2048,1,1,gemm.openmp
gemm.openmpip5eorc4np0tezmx,3,0.944349,2048,1,1,gemm.openmp
gemm.openmpip5eorc4np0tezmx,4,0.878689,2048,1,1,gemm.openmp
gemm.openmpip5eorc4np0tezmx,4,0.975685,2048,1,1,gemm.openmp
gemm.openmpip5eorc4np0tezmx,4,0.890983,2048,1,1,gemm.openmp
gemm.openmpip5eorc4np0tezmx,4,0.985358,2048,1,1,gemm.openmp
gemm.openmpip5eorc4np0tezmx,4,0.891428,2048,1,1,gemm.openmp
gemm.openmpip5eorc4np0tezmx,4,0.965776,2048,1,1,gemm.openmp
gemm.openmpip5eorc4np0tezmx,4,0.836531,2048,1,1,gemm.openmp
gemm.openmpip5eorc4np0tezmx,4,0.950514,2048,1,1,gemm.openmp
gemm.openmpip5eorc4np0tezmx,4,0.81423,2048,1,1,gemm.openmp
gemm.openmpip5eorc4np0tezmx,4,0.962159,2048,1,1,gemm.openmp
gemm.openmpip5eorc4np0tezmx,5,0.589934,2048,1,1,gemm.openmp
gemm.openmpip5eorc4np0tezmx,5,0.651419,2048,1,1,gemm.openmp
gemm.openmpip5eorc4np0tezmx,5,0.626675,2048,1,1,gemm.openmp
gemm.openmpip5eorc4np0tezmx,5,0.667327,2048,1,1,gemm.openmp
gemm.openmpip5eorc4np0tezmx,5,0.618873,2048,1,1,gemm.openmp
gemm.openmpip5eorc4np0tezmx,5,0.677596,2048,1,1,gemm.openmp
gemm.openmpip5eorc4np0tezmx,5,0.620744,2048,1,1,gemm.openmp
gemm.openmpip5eorc4np0tezmx,5,0.685539,2048,1,1,gemm.openmp
gemm.openmpip5eorc4np0tezmx,5,0.627695,2048,1,1,gemm.openmp
gemm.openmpip5eorc4np0tezmx,5,0.67828,2048,1,1,gemm.openmp
gemm.openmpip5eorc4np0tezmx,6,0.617717,2048,1,1,gemm.openmp
gemm.openmpip5eorc4np0tezmx,6,0.65642,2048,1,1,gemm.openmp
gemm.openmpip5eorc4np0tezmx,6,0.619623,2048,1,1,gemm.openmp
gemm.openmpip5eorc4np0tezmx,6,0.655032,2048,1,1,gemm.openmp
gemm.openmpip5eorc4np0tezmx,6,0.616932,2048,1,1,gemm.openmp
gemm.openmpip5eorc4np0tezmx,6,0.70577,2048,1,1,gemm.openmp
gemm.openmpip5eorc4np0tezmx,6,0.596273,2048,1,1,gemm.openmp
gemm.openmpip5eorc4np0tezmx,6,0.711801,2048,1,1,gemm.openmp
gemm.openmpip5eorc4np0tezmx,6,0.57139,2048,1,1,gemm.openmp
gemm.openmpip5eorc4np0tezmx,6,0.701849,2048,1,1,gemm.openmp
gemm.openmpip5eorc4np0tezmx,7,0.448948,2048,1,1,gemm.openmp
gemm.openmpip5eorc4np0tezmx,7,0.456357,2048,1,1,gemm.openmp
gemm.openmpip5eorc4np0tezmx,7,0.457035,2048,1,1,gemm.openmp
gemm.openmpip5eorc4np0tezmx,7,0.471941,2048,1,1,gemm.openmp
gemm.openmpip5eorc4np0tezmx,7,0.455664,2048,1,1,gemm.openmp
gemm.openmpip5eorc4np0tezmx,7,0.450252,2048,1,1,gemm.openmp
gemm.openmpip5eorc4np0tezmx,7,0.471748,2048,1,1,gemm.openmp
gemm.openmpip5eorc4np0tezmx,7,0.479925,2048,1,1,gemm.openmp
gemm.openmpip5eorc4np0tezmx,7,0.449899,2048,1,1,gemm.openmp
gemm.openmpip5eorc4np0tezmx,7,0.47377,2048,1,1,gemm.openmp
gemm.openmpip5eorc4np0tezmx,8,0.453625,2048,1,1,gemm.openmp
gemm.openmpip5eorc4np0tezmx,8,0.546019,2048,1,1,gemm.openmp
gemm.openmpip5eorc4np0tezmx,8,0.442246,2048,1,1,gemm.openmp
gemm.openmpip5eorc4np0tezmx,8,0.551222,2048,1,1,gemm.openmp
gemm.openmpip5eorc4np0tezmx,8,0.43138,2048,1,1,gemm.openmp
gemm.openmpip5eorc4np0tezmx,8,0.540143,2048,1,1,gemm.openmp
gemm.openmpip5eorc4np0tezmx,8,0.458363,2048,1,1,gemm.openmp
gemm.openmpip5eorc4np0tezmx,8,0.539231,2048,1,1,gemm.openmp
gemm.openmpip5eorc4np0tezmx,8,0.444049,2048,1,1,gemm.openmp
gemm.openmpip5eorc4np0tezmx,8,0.545224,2048,1,1,gemm.openmp
gemm.openmpz8blwbbpxv90gw8o,1,0.184993,1025,1,1,gemm.openmp
gemm.openmpz8blwbbpxv90gw8o,1,0.188742,1025,1,1,gemm.openmp
gemm.openmpz8blwbbpxv90gw8o,1,0.188441,1025,1,1,gemm.openmp
gemm.openmpz8blwbbpxv90gw8o,1,0.185275,1025,1,1,gemm.openmp
gemm.openmpz8blwbbpxv90gw8o,1,0.184817,1025,1,1,gemm.openmp
gemm.openmpz8blwbbpxv90gw8o,1,0.185683,1025,1,1,gemm.openmp
gemm.openmpz8blwbbpxv90gw8o,1,0.187576,1025,1,1,gemm.openmp
gemm.openmpz8blwbbpxv90gw8o,1,0.185773,1025,1,1,gemm.openmp
gemm.openmpz8blwbbpxv90gw8o,1,0.186263,1025,1,1,gemm.openmp
gemm.openmpz8blwbbpxv90gw8o,1,0.188996,1025,1,1,gemm.openmp
gemm.openmpz8blwbbpxv90gw8o,2,0.156911,1025,1,1,gemm.openmp
gemm.openmpz8blwbbpxv90gw8o,2,0.162908,1025,1,1,gemm.openmp
gemm.openmpz8blwbbpxv90gw8o,2,0.159852,1025,1,1,gemm.openmp
gemm.openmpz8blwbbpxv90gw8o,2,0.163942,1025,1,1,gemm.openmp
gemm.openmpz8blwbbpxv90gw8o,2,0.159917,1025,1,1,gemm.openmp
gemm.openmpz8blwbbpxv90gw8o,2,0.159167,1025,1,1,gemm.openmp
gemm.openmpz8blwbbpxv90gw8o,2,0.156802,1025,1,1,gemm.openmp
gemm.openmpz8blwbbpxv90gw8o,2,0.162295,1025,1,1,gemm.openmp
gemm.openmpz8blwbbpxv90gw8o,2,0.156446,1025,1,1,gemm.openmp
gemm.openmpz8blwbbpxv90gw8o,2,0.16412,1025,1,1,gemm.openmp
gemm.openmpz8blwbbpxv90gw8o,3,0.1095,1025,1,1,gemm.openmp
gemm.openmpz8blwbbpxv90gw8o,3,0.107756,1025,1,1,gemm.openmp
gemm.openmpz8blwbbpxv90gw8o,3,0.109766,1025,1,1,gemm.openmp
gemm.openmpz8blwbbpxv90gw8o,3,0.111087,1025,1,1,gemm.openmp
gemm.openmpz8blwbbpxv90gw8o,3,0.109435,1025,1,1,gemm.openmp
gemm.openmpz8blwbbpxv90gw8o,3,0.108858,1025,1,1,gemm.openmp
gemm.openmpz8blwbbpxv90gw8o,3,0.109842,1025,1,1,gemm.openmp
gemm.openmpz8blwbbpxv90gw8o,3,0.109901,1025,1,1,gemm.openmp
gemm.openmpz8blwbbpxv90gw8o,3,0.109076,1025,1,1,gemm.openmp
gemm.openmpz8blwbbpxv90gw8o,3,0.109457,1025,1,1,gemm.openmp
gemm.openmpz8blwbbpxv90gw8o,4,0.082556,1025,1,1,gemm.openmp
gemm.openmpz8blwbbpxv90gw8o,4,0.082458,1025,1,1,gemm.openmp
gemm.openmpz8blwbbpxv90gw8o,4,0.081276,1025,1,1,gemm.openmp
gemm.openmpz8blwbbpxv90gw8o,4,0.082561,1025,1,1,gemm.openmp
gemm.openmpz8blwbbpxv90gw8o,4,0.083259,1025,1,1,gemm.openmp
gemm.openmpz8blwbbpxv90gw8o,4,0.082458,1025,1,1,gemm.openmp
gemm.openmpz8blwbbpxv90gw8o,4,0.082194,1025,1,1,gemm.openmp
gemm.openmpz8blwbbpxv90gw8o,4,0.082332,1025,1,1,gemm.openmp
gemm.openmpz8blwbbpxv90gw8o,4,0.082326,1025,1,1,gemm.openmp
gemm.openmpz8blwbbpxv90gw8o,4,0.08243,1025,1,1,gemm.openmp
gemm.openmpz8blwbbpxv90gw8o,5,0.065854,1025,1,1,gemm.openmp
gemm.openmpz8blwbbpxv90gw8o,5,0.0661,1025,1,1,gemm.openmp
gemm.openmpz8blwbbpxv90gw8o,5,0.066233,1025,1,1,gemm.openmp
gemm.openmpz8blwbbpxv90gw8o,5,0.06605,1025,1,1,gemm.openmp
gemm.openmpz8blwbbpxv90gw8o,5,0.06596,1025,1,1,gemm.openmp
gemm.openmpz8blwbbpxv90gw8o,5,0.065315,1025,1,1,gemm.openmp
gemm.openmpz8blwbbpxv90gw8o,5,0.0662,1025,1,1,gemm.openmp
gemm.openmpz8blwbbpxv90gw8o,5,0.065924,1025,1,1,gemm.openmp
gemm.openmpz8blwbbpxv90gw8o,5,0.06592,1025,1,1,gemm.openmp
gemm.openmpz8blwbbpxv90gw8o,5,0.066163,1025,1,1,gemm.openmp
gemm.openmpz8blwbbpxv90gw8o,6,0.055176,1025,1,1,gemm.openmp
gemm.openmpz8blwbbpxv90gw8o,6,0.054383,1025,1,1,gemm.openmp
gemm.openmpz8blwbbpxv90gw8o,6,0.054383,1025,1,1,gemm.openmp
gemm.openmpz8blwbbpxv90gw8o,6,0.053675,1025,1,1,gemm.openmp
gemm.openmpz8blwbbpxv90gw8o,6,0.055031,1025,1,1,gemm.openmp
gemm.openmpz8blwbbpxv90gw8o,6,0.055233,1025,1,1,gemm.openmp
gemm.openmpz8blwbbpxv90gw8o,6,0.055091,1025,1,1,gemm.openmp
gemm.openmpz8blwbbpxv90gw8o,6,0.055488,1025,1,1,gemm.openmp
gemm.openmpz8blwbbpxv90gw8o,6,0.05527,1025,1,1,gemm.openmp
gemm.openmpz8blwbbpxv90gw8o,6,0.055211,1025,1,1,gemm.openmp
gemm.openmpz8blwbbpxv90gw8o,7,0.047169,1025,1,1,gemm.openmp
gemm.openmpz8blwbbpxv90gw8o,7,0.047285,1025,1,1,gemm.openmp
gemm.openmpz8blwbbpxv90gw8o,7,0.047255,1025,1,1,gemm.openmp
gemm.openmpz8blwbbpxv90gw8o,7,0.047396,1025,1,1,gemm.openmp
gemm.openmpz8blwbbpxv90gw8o,7,0.047265,1025,1,1,gemm.openmp
gemm.openmpz8blwbbpxv90gw8o,7,0.04717,1025,1,1,gemm.openmp
gemm.openmpz8blwbbpxv90gw8o,7,0.047292,1025,1,1,gemm.openmp
gemm.openmpz8blwbbpxv90gw8o,7,0.047212,1025,1,1,gemm.openmp
gemm.openmpz8blwbbpxv90gw8o,7,0.047701,1025,1,1,gemm.openmp
gemm.openmpz8blwbbpxv90gw8o,7,0.047443,1025,1,1,gemm.openmp
gemm.openmpz8blwbbpxv90gw8o,8,0.041461,1025,1,1,gemm.openmp
gemm.openmpz8blwbbpxv90gw8o,8,0.041838,1025,1,1,gemm.openmp
gemm.openmpz8blwbbpxv90gw8o,8,0.041976,1025,1,1,gemm.openmp
gemm.openmpz8blwbbpxv90gw8o,8,0.041862,1025,1,1,gemm.openmp
gemm.openmpz8blwbbpxv90gw8o,8,0.041878,1025,1,1,gemm.openmp
gemm.openmpz8blwbbpxv90gw8o,8,0.042617,1025,1,1,gemm.openmp
gemm.openmpz8blwbbpxv90gw8o,8,0.043027,1025,1,1,gemm.openmp
gemm.openmpz8blwbbpxv90gw8o,8,0.043613,1025,1,1,gemm.openmp
gemm.openmpz8blwbbpxv90gw8o,8,0.042139,1025,1,1,gemm.openmp
gemm.openmpz8blwbbpxv90gw8o,8,0.0419,1025,1,1,gemm.openmp
gemmq0etk9o2manyo72s,1,0.143342,1000,1,0,gemm
gemmq0etk9o2manyo72s,1,0.153154,1000,1,0,gemm
gemmq0etk9o2manyo72s,1,0.145775,1000,1,0,gemm
gemmq0etk9o2manyo72s,1,0.150028,1000,1,0,gemm
gemmq0etk9o2manyo72s,1,0.155818,1000,1,0,gemm
gemmq0etk9o2manyo72s,1,0.145882,1000,1,0,gemm
gemmq0etk9o2manyo72s,1,0.143792,1000,1,0,gemm
gemmq0etk9o2manyo72s,1,0.149384,1000,1,0,gemm
gemmq0etk9o2manyo72s,1,0.143162,1000,1,0,gemm
gemmq0etk9o2manyo72s,1,0.14936,1000,1,0,gemm
gemmq0etk9o2manyo72s,2,0.14743,1000,1,0,gemm
gemmq0etk9o2manyo72s,2,0.146086,1000,1,0,gemm
gemmq0etk9o2manyo72s,2,0.150638,1000,1,0,gemm
gemmq0etk9o2manyo72s,2,0.147668,1000,1,0,gemm
gemmq0etk9o2manyo72s,2,0.146732,1000,1,0,gemm
gemmq0etk9o2manyo72s,2,0.148457,1000,1,0,gemm
gemmq0etk9o2manyo72s,2,0.147839,1000,1,0,gemm
gemmq0etk9o2manyo72s,2,0.149352,1000,1,0,gemm
gemmq0etk9o2manyo72s,2,0.14881,1000,1,0,gemm
gemmq0etk9o2manyo72s,2,0.150594,1000,1,0,gemm
gemmq0etk9o2manyo72s,3,0.148461,1000,1,0,gemm
gemmq0etk9o2manyo72s,3,0.141759,1000,1,0,gemm
gemmq0etk9o2manyo72s,3,0.148386,1000,1,0,gemm
gemmq0etk9o2manyo72s,3,0.14774,1000,1,0,gemm
gemmq0etk9o2manyo72s,3,0.142697,1000,1,0,gemm
gemmq0etk9o2manyo72s,3,0.144817,1000,1,0,gemm
gemmq0etk9o2manyo72s,3,0.148868,1000,1,0,gemm
gemmq0etk9o2manyo72s,3,0.156049,1000,1,0,gemm
gemmq0etk9o2manyo72s,3,0.149953,1000,1,0,gemm
gemmq0etk9o2manyo72s,3,0.151549,1000,1,0,gemm
gemmq0etk9o2manyo72s,4,0.146612,1000,1,0,gemm
gemmq0etk9o2manyo72s,4,0.144691,1000,1,0,gemm
gemmq0etk9o2manyo72s,4,0.152029,1000,1,0,gemm
gemmq0etk9o2manyo72s,4,0.145899,1000,1,0,gemm
gemmq0etk9o2manyo72s,4,0.149422,1000,1,0,gemm
gemmq0etk9o2manyo72s,4,0.149428,1000,1,0,gemm
gemmq0etk9o2manyo72s,4,0.14794,1000,1,0,gemm
gemmq0etk9o2manyo72s,4,0.156317,1000,1,0,gemm
gemmq0etk9o2manyo72s,4,0.147614,1000,1,0,gemm
gemmq0etk9o2manyo72s,4,0.147255,1000,1,0,gemm
gemmq0etk9o2manyo72s,5,0.149918,1000,1,0,gemm
gemmq0etk9o2manyo72s,5,0.148192,1000,1,0,gemm
gemmq0etk9o2manyo72s,5,0.145515,1000,1,0,gemm
gemmq0etk9o2manyo72s,5,0.150619,1000,1,0,gemm
gemmq0etk9o2manyo72s,5,0.150066,1000,1,0,gemm
gemmq0etk9o2manyo72s,5,0.150287,1000,1,0,gemm
gemmq0etk9o2manyo72s,5,0.148051,1000,1,0,gemm
gemmq0etk9o2manyo72s,5,0.148048,1000,1,0,gemm
gemmq0etk9o2manyo72s,5,0.148968,1000,1,0,gemm
gemmq0etk9o2manyo72s,5,0.144593,1000,1,0,gemm
gemmq0etk9o2manyo72s,6,0.142265,1000,1,0,gemm
gemmq0etk9o2manyo72s,6,0.146921,1000,1,0,gemm
gemmq0etk9o2manyo72s,6,0.144132,1000,1,0,gemm
gemmq0etk9o2manyo72s,6,0.147809,1000,1,0,gemm
gemmq0etk9o2manyo72s,6,0.145203,1000,1,0,gemm
gemmq0etk9o2manyo72s,6,0.145043,1000,1,0,gemm
gemmq0etk9o2manyo72s,6,0.148923,1000,1,0,gemm
gemmq0etk9o2manyo72s,6,0.150009,1000,1,0,gemm
gemmq0etk9o2manyo72s,6,0.147614,1000,1,0,gemm
gemmq0etk9o2manyo72s,6,0.147927,1000,1,0,gemm
gemmq0etk9o2manyo72s,7,0.155584,1000,1,0,gemm
gemmq0etk9o2manyo72s,7,0.145225,1000,1,0,gemm
gemmq0etk9o2manyo72s,7,0.147673,1000,1,0,gemm
gemmq0etk9o2manyo72s,7,0.149403,1000,1,0,gemm
gemmq0etk9o2manyo72s,7,0.149433,1000,1,0,gemm
gemmq0etk9o2manyo72s,7,0.150071,1000,1,0,gemm
gemmq0etk9o2manyo72s,7,0.147847,1000,1,0,gemm
gemmq0etk9o2manyo72s,7,0.150972,1000,1,0,gemm
gemmq0etk9o2manyo72s,7,0.150144,1000,1,0,gemm
gemmq0etk9o2manyo72s,7,0.147545,1000,1,0,gemm
gemmq0etk9o2manyo72s,8,0.156202,1000,1,0,gemm
gemmq0etk9o2manyo72s,8,0.14145,1000,1,0,gemm
gemmq0etk9o2manyo72s,8,0.147037,1000,1,0,gemm
gemmq0etk9o2manyo72s,8,0.144744,1000,1,0,gemm
gemmq0etk9o2manyo72s,8,0.149128,1000,1,0,gemm
gemmq0etk9o2manyo72s,8,0.148913,1000,1,0,gemm
gemmq0etk9o2manyo72s,8,0.156192,1000,1,0,gemm
gemmq0etk9o2manyo72s,8,0.145346,1000,1,0,gemm
gemmq0etk9o2manyo72s,8,0.149074,1000,1,0,gemm
gemmq0etk9o2manyo72s,8,0.151929,1000,1,0,gemm
gemm.openmpalelex361qw4r7jd,1,24.092637,4096,1,1,gemm.openmp
gemm.openmpalelex361qw4r7jd,1,24.005041,4096,1,1,gemm.openmp
gemm.openmpalelex361qw4r7jd,1,24.107179,4096,1,1,gemm.openmp
gemm.openmpalelex361qw4r7jd,1,24.082556,4096,1,1,gemm.openmp
gemm.openmpalelex361qw4r7jd,1,24.100173,4096,1,1,gemm.openmp
gemm.openmpalelex361qw4r7jd,1,24.238979,4096,1,1,gemm.openmp
gemm.openmpalelex361qw4r7jd,1,23.995795,4096,1,1,gemm.openmp
gemm.openmpalelex361qw4r7jd,1,24.090588,4096,1,1,gemm.openmp
gemm.openmpalelex361qw4r7jd,1,24.202214,4096,1,1,gemm.openmp
gemm.openmpalelex361qw4r7jd,1,24.200924,4096,1,1,gemm.openmp
gemm.openmpalelex361qw4r7jd,2,16.198614,4096,1,1,gemm.openmp
gemm.openmpalelex361qw4r7jd,2,16.115565,4096,1,1,gemm.openmp
gemm.openmpalelex361qw4r7jd,2,16.252679,4096,1,1,gemm.openmp
gemm.openmpalelex361qw4r7jd,2,16.298327,4096,1,1,gemm.openmp
gemm.openmpalelex361qw4r7jd,2,16.128316,4096,1,1,gemm.openmp
gemm.openmpalelex361qw4r7jd,2,16.167885,4096,1,1,gemm.openmp
gemm.openmpalelex361qw4r7jd,2,16.324617,4096,1,1,gemm.openmp
gemm.openmpalelex361qw4r7jd,2,16.307815,4096,1,1,gemm.openmp
gemm.openmpalelex361qw4r7jd,2,16.205103,4096,1,1,gemm.openmp
gemm.openmpalelex361qw4r7jd,2,16.140809,4096,1,1,gemm.openmp
gemm.openmpalelex361qw4r7jd,3,10.608471,4096,1,1,gemm.openmp
gemm.openmpalelex361qw4r7jd,3,10.751873,4096,1,1,gemm.openmp
gemm.openmpalelex361qw4r7jd,3,10.800892,4096,1,1,gemm.openmp
gemm.openmpalelex361qw4r7jd,3,10.693861,4096,1,1,gemm.openmp
gemm.openmpalelex361qw4r7jd,3,10.575274,4096,1,1,gemm.openmp
gemm.openmpalelex361qw4r7jd,3,10.722871,4096,1,1,gemm.openmp
gemm.openmpalelex361qw4r7jd,3,10.806433,4096,1,1,gemm.openmp
gemm.openmpalelex361qw4r7jd,3,10.781621,4096,1,1,gemm.openmp
gemm.openmpalelex361qw4r7jd,3,10.586142,4096,1,1,gemm.openmp
gemm.openmpalelex361qw4r7jd,3,10.71555,4096,1,1,gemm.openmp
gemm.openmpalelex361qw4r7jd,4,8.918673,4096,1,1,gemm.openmp
gemm.openmpalelex361qw4r7jd,4,9.66898,4096,1,1,gemm.openmp
gemm.openmpalelex361qw4r7jd,4,9.235941,4096,1,1,gemm.openmp
gemm.openmpalelex361qw4r7jd,4,9.434533,4096,1,1,gemm.openmp
gemm.openmpalelex361qw4r7jd,4,9.952464,4096,1,1,gemm.openmp
gemm.openmpalelex361qw4r7jd,4,9.104385,4096,1,1,gemm.openmp
gemm.openmpalelex361qw4r7jd,4,9.320658,4096,1,1,gemm.openmp
gemm.openmpalelex361qw4r7jd,4,9.203435,4096,1,1,gemm.openmp
gemm.openmpalelex361qw4r7jd,4,9.198547,4096,1,1,gemm.openmp
gemm.openmpalelex361qw4r7jd,4,9.150685,4096,1,1,gemm.openmp
gemm.openmpalelex361qw4r7jd,5,7.232314,4096,1,1,gemm.openmp
gemm.openmpalelex361qw4r7jd,5,7.339518,4096,1,1,gemm.openmp
gemm.openmpalelex361qw4r7jd,5,7.070687,4096,1,1,gemm.openmp
gemm.openmpalelex361qw4r7jd,5,7.017233,4096,1,1,gemm.openmp
gemm.openmpalelex361qw4r7jd,5,7.063909,4096,1,1,gemm.openmp
gemm.openmpalelex361qw4r7jd,5,7.204343,4096,1,1,gemm.openmp
gemm.openmpalelex361qw4r7jd,5,6.977117,4096,1,1,gemm.openmp
gemm.openmpalelex361qw4r7jd,5,7.02385,4096,1,1,gemm.openmp
gemm.openmpalelex361qw4r7jd,5,7.034657,4096,1,1,gemm.openmp
gemm.openmpalelex361qw4r7jd,5,7.228313,4096,1,1,gemm.openmp
gemm.openmpalelex361qw4r7jd,6,6.344723,4096,1,1,gemm.openmp
gemm.openmpalelex361qw4r7jd,6,6.341879,4096,1,1,gemm.openmp
gemm.openmpalelex361qw4r7jd,6,6.326206,4096,1,1,gemm.openmp
gemm.openmpalelex361qw4r7jd,6,6.356736,4096,1,1,gemm.openmp
gemm.openmpalelex361qw4r7jd,6,6.373948,4096,1,1,gemm.openmp
gemm.openmpalelex361qw4r7jd,6,6.366984,4096,1,1,gemm.openmp
gemm.openmpalelex361qw4r7jd,6,6.339339,4096,1,1,gemm.openmp
gemm.openmpalelex361qw4r7jd,6,6.343785,4096,1,1,gemm.openmp
gemm.openmpalelex361qw4r7jd,6,6.334832,4096,1,1,gemm.openmp
gemm.openmpalelex361qw4r7jd,6,6.346626,4096,1,1,gemm.openmp
gemm.openmpalelex361qw4r7jd,7,5.130848,4096,1,1,gemm.openmp
gemm.openmpalelex361qw4r7jd,7,5.233687,4096,1,1,gemm.openmp
gemm.openmpalelex361qw4r7jd,7,5.201805,4096,1,1,gemm.openmp
gemm.openmpalelex361qw4r7jd,7,5.303008,4096,1,1,gemm.openmp
gemm.openmpalelex361qw4r7jd,7,5.267093,4096,1,1,gemm.openmp
gemm.openmpalelex361qw4r7jd,7,5.370396,4096,1,1,gemm.openmp
gemm.openmpalelex361qw4r7jd,7,5.256259,4096,1,1,gemm.openmp
gemm.openmpalelex361qw4r7jd,7,5.342113,4096,1,1,gemm.openmp
gemm.openmpalelex361qw4r7jd,7,5.41259,4096,1,1,gemm.openmp
gemm.openmpalelex361qw4r7jd,7,5.395,4096,1,1,gemm.openmp
gemm.openmpalelex361qw4r7jd,8,4.934497,4096,1,1,gemm.openmp
gemm.openmpalelex361qw4r7jd,8,4.934678,4096,1,1,gemm.openmp
gemm.openmpalelex361qw4r7jd,8,4.958977,4096,1,1,gemm.openmp
gemm.openmpalelex361qw4r7jd,8,4.949689,4096,1,1,gemm.openmp
gemm.openmpalelex361qw4r7jd,8,4.964835,4096,1,1,gemm.openmp
gemm.openmpalelex361qw4r7jd,8,4.979016,4096,1,1,gemm.openmp
gemm.openmpalelex361qw4r7jd,8,5.011253,4096,1,1,gemm.openmp
gemm.openmpalelex361qw4r7jd,8,4.967879,4096,1,1,gemm.openmp
gemm.openmpalelex361qw4r7jd,8,4.967606,4096,1,1,gemm.openmp
gemm.openmpalelex361qw4r7jd,8,4.955052,4096,1,1,gemm.openmp
gemm.openmp3fx9qeun6u6wolmr,1,0.021922,513,1,1,gemm.openmp
gemm.openmp3fx9qeun6u6wolmr,1,0.021645,513,1,1,gemm.openmp
gemm.openmp3fx9qeun6u6wolmr,1,0.021773,513,1,1,gemm.openmp
gemm.openmp3fx9qeun6u6wolmr,1,0.021625,513,1,1,gemm.openmp
gemm.openmp3fx9qeun6u6wolmr,1,0.021603,513,1,1,gemm.openmp
gemm.openmp3fx9qeun6u6wolmr,1,0.021627,513,1,1,gemm.openmp
gemm.openmp3fx9qeun6u6wolmr,1,0.021697,513,1,1,gemm.openmp
gemm.openmp3fx9qeun6u6wolmr,1,0.021611,513,1,1,gemm.openmp
gemm.openmp3fx9qeun6u6wolmr,1,0.021587,513,1,1,gemm.openmp
gemm.openmp3fx9qeun6u6wolmr,1,0.021646,513,1,1,gemm.openmp
gemm.openmp3fx9qeun6u6wolmr,2,0.020368,513,1,1,gemm.openmp
gemm.openmp3fx9qeun6u6wolmr,2,0.020746,513,1,1,gemm.openmp
gemm.openmp3fx9qeun6u6wolmr,2,0.020917,513,1,1,gemm.openmp
gemm.openmp3fx9qeun6u6wolmr,2,0.020454,513,1,1,gemm.openmp
gemm.openmp3fx9qeun6u6wolmr,2,0.020575,513,1,1,gemm.openmp
gemm.openmp3fx9qeun6u6wolmr,2,0.020966,513,1,1,gemm.openmp
gemm.openmp3fx9qeun6u6wolmr,2,0.020448,513,1,1,gemm.openmp
gemm.openmp3fx9qeun6u6wolmr,2,0.02086,513,1,1,gemm.openmp
gemm.openmp3fx9qeun6u6wolmr,2,0.020422,513,1,1,gemm.openmp
gemm.openmp3fx9qeun6u6wolmr,2,0.020738,513,1,1,gemm.openmp
gemm.openmp3fx9qeun6u6wolmr,3,0.013666,513,1,1,gemm.openmp
gemm.openmp3fx9qeun6u6wolmr,3,0.01348,513,1,1,gemm.openmp
gemm.openmp3fx9qeun6u6wolmr,3,0.013752,513,1,1,gemm.openmp
gemm.openmp3fx9qeun6u6wolmr,3,0.013562,513,1,1,gemm.openmp
gemm.openmp3fx9qeun6u6wolmr,3,0.013517,513,1,1,gemm.openmp
gemm.openmp3fx9qeun6u6wolmr,3,0.013196,513,1,1,gemm.openmp
gemm.openmp3fx9qeun6u6wolmr,3,0.01332,513,1,1,gemm.openmp
gemm.openmp3fx9qeun6u6wolmr,3,0.013396,513,1,1,gemm.openmp
gemm.openmp3fx9qeun6u6wolmr,3,0.013775,513,1,1,gemm.openmp
gemm.openmp3fx9qeun6u6wolmr,3,0.013753,513,1,1,gemm.openmp
gemm.openmp3fx9qeun6u6wolmr,4,0.010309,513,1,1,gemm.openmp
gemm.openmp3fx9qeun6u6wolmr,4,0.010347,513,1,1,gemm.openmp
gemm.openmp3fx9qeun6u6wolmr,4,0.01008,513,1,1,gemm.openmp
gemm.openmp3fx9qeun6u6wolmr,4,0.010149,513,1,1,gemm.openmp
gemm.openmp3fx9qeun6u6wolmr,4,0.010117,513,1,1,gemm.openmp
gemm.openmp3fx9qeun6u6wolmr,4,0.010272,513,1,1,gemm.openmp
gemm.openmp3fx9qeun6u6wolmr,4,0.010335,513,1,1,gemm.openmp
gemm.openmp3fx9qeun6u6wolmr,4,0.010077,513,1,1,gemm.openmp
gemm.openmp3fx9qeun6u6wolmr,4,0.010198,513,1,1,gemm.openmp
gemm.openmp3fx9qeun6u6wolmr,4,0.010358,513,1,1,gemm.openmp
gemm.openmp3fx9qeun6u6wolmr,5,0.008264,513,1,1,gemm.openmp
gemm.openmp3fx9qeun6u6wolmr,5,0.008161,513,1,1,gemm.openmp
gemm.openmp3fx9qeun6u6wolmr,5,0.008302,513,1,1,gemm.openmp
gemm.openmp3fx9qeun6u6wolmr,5,0.008206,513,1,1,gemm.openmp
gemm.openmp3fx9qeun6u6wolmr,5,0.008078,513,1,1,gemm.openmp
gemm.openmp3fx9qeun6u6wolmr,5,0.008216,513,1,1,gemm.openmp
gemm.openmp3fx9qeun6u6wolmr,5,0.00811,513,1,1,gemm.openmp
gemm.openmp3fx9qeun6u6wolmr,5,0.00829,513,1,1,gemm.openmp
gemm.openmp3fx9qeun6u6wolmr,5,0.008041,513,1,1,gemm.openmp
gemm.openmp3fx9qeun6u6wolmr,5,0.008273,513,1,1,gemm.openmp
gemm.openmp3fx9qeun6u6wolmr,6,0.006995,513,1,1,gemm.openmp
gemm.openmp3fx9qeun6u6wolmr,6,0.007006,513,1,1,gemm.openmp
gemm.openmp3fx9qeun6u6wolmr,6,0.006927,513,1,1,gemm.openmp
gemm.openmp3fx9qeun6u6wolmr,6,0.006909,513,1,1,gemm.openmp
gemm.openmp3fx9qeun6u6wolmr,6,0.00684,513,1,1,gemm.openmp
gemm.openmp3fx9qeun6u6wolmr,6,0.006948,513,1,1,gemm.openmp
gemm.openmp3fx9qeun6u6wolmr,6,0.006941,513,1,1,gemm.openmp
gemm.openmp3fx9qeun6u6wolmr,6,0.006826,513,1,1,gemm.openmp
gemm.openmp3fx9qeun6u6wolmr,6,0.006913,513,1,1,gemm.openmp
gemm.openmp3fx9qeun6u6wolmr,6,0.006909,513,1,1,gemm.openmp
gemm.openmp3fx9qeun6u6wolmr,7,0.005946,513,1,1,gemm.openmp
gemm.openmp3fx9qeun6u6wolmr,7,0.005953,513,1,1,gemm.openmp
gemm.openmp3fx9qeun6u6wolmr,7,0.005854,513,1,1,gemm.openmp
gemm.openmp3fx9qeun6u6wolmr,7,0.006018,513,1,1,gemm.openmp
gemm.openmp3fx9qeun6u6wolmr,7,0.006006,513,1,1,gemm.openmp
gemm.openmp3fx9qeun6u6wolmr,7,0.005924,513,1,1,gemm.openmp
gemm.openmp3fx9qeun6u6wolmr,7,0.00591,513,1,1,gemm.openmp
gemm.openmp3fx9qeun6u6wolmr,7,0.00594,513,1,1,gemm.openmp
gemm.openmp3fx9qeun6u6wolmr,7,0.005988,513,1,1,gemm.openmp
gemm.openmp3fx9qeun6u6wolmr,7,0.006004,513,1,1,gemm.openmp
gemm.openmp3fx9qeun6u6wolmr,8,0.005217,513,1,1,gemm.openmp
gemm.openmp3fx9qeun6u6wolmr,8,0.005184,513,1,1,gemm.openmp
gemm.openmp3fx9qeun6u6wolmr,8,0.005173,513,1,1,gemm.openmp
gemm.openmp3fx9qeun6u6wolmr,8,0.005157,513,1,1,gemm.openmp
gemm.openmp3fx9qeun6u6wolmr,8,0.005252,513,1,1,gemm.openmp
gemm.openmp3fx9qeun6u6wolmr,8,0.005226,513,1,1,gemm.openmp
gemm.openmp3fx9qeun6u6wolmr,8,0.005195,513,1,1,gemm.openmp
gemm.openmp3fx9qeun6u6wolmr,8,0.005171,513,1,1,gemm.openmp
gemm.openmp3fx9qeun6u6wolmr,8,0.005239,513,1,1,gemm.openmp
gemm.openmp3fx9qeun6u6wolmr,8,0.005184,513,1,1,gemm.openmp
gemm.openmpgq7qeksyhvcfgqsm,1,0.165178,1000,1,1,gemm.openmp
gemm.openmpgq7qeksyhvcfgqsm,1,0.164236,1000,1,1,gemm.openmp
gemm.openmpgq7qeksyhvcfgqsm,1,0.16395,1000,1,1,gemm.openmp
gemm.openmpgq7qeksyhvcfgqsm,1,0.166228,1000,1,1,gemm.openmp
gemm.openmpgq7qeksyhvcfgqsm,1,0.166116,1000,1,1,gemm.openmp
gemm.openmpgq7qeksyhvcfgqsm,1,0.166929,1000,1,1,gemm.openmp
gemm.openmpgq7qeksyhvcfgqsm,1,0.165648,1000,1,1,gemm.openmp
gemm.openmpgq7qeksyhvcfgqsm,1,0.165084,1000,1,1,gemm.openmp
gemm.openmpgq7qeksyhvcfgqsm,1,0.164305,1000,1,1,gemm.openmp
gemm.openmpgq7qeksyhvcfgqsm,1,0.165616,1000,1,1,gemm.openmp
gemm.openmpgq7qeksyhvcfgqsm,2,0.149022,1000,1,1,gemm.openmp
gemm.openmpgq7qeksyhvcfgqsm,2,0.146062,1000,1,1,gemm.openmp
gemm.openmpgq7qeksyhvcfgqsm,2,0.147607,1000,1,1,gemm.openmp
gemm.openmpgq7qeksyhvcfgqsm,2,0.14851,1000,1,1,gemm.openmp
gemm.openmpgq7qeksyhvcfgqsm,2,0.145914,1000,1,1,gemm.openmp
gemm.openmpgq7qeksyhvcfgqsm,2,0.149054,1000,1,1,gemm.openmp
gemm.openmpgq7qeksyhvcfgqsm,2,0.145754,1000,1,1,gemm.openmp
gemm.openmpgq7qeksyhvcfgqsm,2,0.148064,1000,1,1,gemm.openmp
gemm.openmpgq7qeksyhvcfgqsm,2,0.151208,1000,1,1,gemm.openmp
gemm.openmpgq7qeksyhvcfgqsm,2,0.146724,1000,1,1,gemm.openmp
gemm.openmpgq7qeksyhvcfgqsm,3,0.097658,1000,1,1,gemm.openmp
gemm.openmpgq7qeksyhvcfgqsm,3,0.097134,1000,1,1,gemm.openmp
gemm.openmpgq7qeksyhvcfgqsm,3,0.096949,1000,1,1,gemm.openmp
gemm.openmpgq7qeksyhvcfgqsm,3,0.097323,1000,1,1,gemm.openmp
gemm.openmpgq7qeksyhvcfgqsm,3,0.098181,1000,1,1,gemm.openmp
gemm.openmpgq7qeksyhvcfgqsm,3,0.096267,1000,1,1,gemm.openmp
gemm.openmpgq7qeksyhvcfgqsm,3,0.099243,1000,1,1,gemm.openmp
gemm.openmpgq7qeksyhvcfgqsm,3,0.096487,1000,1,1,gemm.openmp
gemm.openmpgq7qeksyhvcfgqsm,3,0.096242,1000,1,1,gemm.openmp
gemm.openmpgq7qeksyhvcfgqsm,3,0.098501,1000,1,1,gemm.openmp
gemm.openmpgq7qeksyhvcfgqsm,4,0.072546,1000,1,1,gemm.openmp
gemm.openmpgq7qeksyhvcfgqsm,4,0.072496,1000,1,1,gemm.openmp
gemm.openmpgq7qeksyhvcfgqsm,4,0.073026,1000,1,1,gemm.openmp
gemm.openmpgq7qeksyhvcfgqsm,4,0.072647,1000,1,1,gemm.openmp
gemm.openmpgq7qeksyhvcfgqsm,4,0.073223,1000,1,1,gemm.openmp
gemm.openmpgq7qeksyhvcfgqsm,4,0.074592,1000,1,1,gemm.openmp
gemm.openmpgq7qeksyhvcfgqsm,4,0.075606,1000,1,1,gemm.openmp
gemm.openmpgq7qeksyhvcfgqsm,4,0.074384,1000,1,1,gemm.openmp
gemm.openmpgq7qeksyhvcfgqsm,4,0.073682,1000,1,1,gemm.openmp
gemm.openmpgq7qeksyhvcfgqsm,4,0.073755,1000,1,1,gemm.openmp
gemm.openmpgq7qeksyhvcfgqsm,5,0.058977,1000,1,1,gemm.openmp
gemm.openmpgq7qeksyhvcfgqsm,5,0.059057,1000,1,1,gemm.openmp
gemm.openmpgq7qeksyhvcfgqsm,5,0.05813,1000,1,1,gemm.openmp
gemm.openmpgq7qeksyhvcfgqsm,5,0.057793,1000,1,1,gemm.openmp
gemm.openmpgq7qeksyhvcfgqsm,5,0.059716,1000,1,1,gemm.openmp
gemm.openmpgq7qeksyhvcfgqsm,5,0.059152,1000,1,1,gemm.openmp
gemm.openmpgq7qeksyhvcfgqsm,5,0.058782,1000,1,1,gemm.openmp
gemm.openmpgq7qeksyhvcfgqsm,5,0.057865,1000,1,1,gemm.openmp
gemm.openmpgq7qeksyhvcfgqsm,5,0.058716,1000,1,1,gemm.openmp
gemm.openmpgq7qeksyhvcfgqsm,5,0.060234,1000,1,1,gemm.openmp
gemm.openmpgq7qeksyhvcfgqsm,6,0.051299,1000,1,1,gemm.openmp
gemm.openmpgq7qeksyhvcfgqsm,6,0.049822,1000,1,1,gemm.openmp
gemm.openmpgq7qeksyhvcfgqsm,6,0.051724,1000,1,1,gemm.openmp
gemm.openmpgq7qeksyhvcfgqsm,6,0.050859,1000,1,1,gemm.openmp
gemm.openmpgq7qeksyhvcfgqsm,6,0.04959,1000,1,1,gemm.openmp
gemm.openmpgq7qeksyhvcfgqsm,6,0.050403,1000,1,1,gemm.openmp
gemm.openmpgq7qeksyhvcfgqsm,6,0.050503,1000,1,1,gemm.openmp
gemm.openmpgq7qeksyhvcfgqsm,6,0.049864,1000,1,1,gemm.openmp
gemm.openmpgq7qeksyhvcfgqsm,6,0.051604,1000,1,1,gemm.openmp
gemm.openmpgq7qeksyhvcfgqsm,6,0.051099,1000,1,1,gemm.openmp
gemm.openmpgq7qeksyhvcfgqsm,7,0.042996,1000,1,1,gemm.openmp
gemm.openmpgq7qeksyhvcfgqsm,7,0.044175,1000,1,1,gemm.openmp
gemm.openmpgq7qeksyhvcfgqsm,7,0.044391,1000,1,1,gemm.openmp
gemm.openmpgq7qeksyhvcfgqsm,7,0.043651,1000,1,1,gemm.openmp
gemm.openmpgq7qeksyhvcfgqsm,7,0.044655,1000,1,1,gemm.openmp
gemm.openmpgq7qeksyhvcfgqsm,7,0.043357,1000,1,1,gemm.openmp
gemm.openmpgq7qeksyhvcfgqsm,7,0.044149,1000,1,1,gemm.openmp
gemm.openmpgq7qeksyhvcfgqsm,7,0.043505,1000,1,1,gemm.openmp
gemm.openmpgq7qeksyhvcfgqsm,7,0.043433,1000,1,1,gemm.openmp
gemm.openmpgq7qeksyhvcfgqsm,7,0.043105,1000,1,1,gemm.openmp
gemm.openmpgq7qeksyhvcfgqsm,8,0.037941,1000,1,1,gemm.openmp
gemm.openmpgq7qeksyhvcfgqsm,8,0.038172,1000,1,1,gemm.openmp
gemm.openmpgq7qeksyhvcfgqsm,8,0.039782,1000,1,1,gemm.openmp
gemm.openmpgq7qeksyhvcfgqsm,8,0.038166,1000,1,1,gemm.openmp
gemm.openmpgq7qeksyhvcfgqsm,8,0.038543,1000,1,1,gemm.openmp
gemm.openmpgq7qeksyhvcfgqsm,8,0.04125,1000,1,1,gemm.openmp
gemm.openmpgq7qeksyhvcfgqsm,8,0.039684,1000,1,1,gemm.openmp
gemm.openmpgq7qeksyhvcfgqsm,8,0.038143,1000,1,1,gemm.openmp
gemm.openmpgq7qeksyhvcfgqsm,8,0.040515,1000,1,1,gemm.openmp
gemm.openmpgq7qeksyhvcfgqsm,8,0.040406,1000,1,1,gemm.openmp
gemm.openmptdbjzgwvcza9jou4,1,0.181025,1030,1,1,gemm.openmp
gemm.openmptdbjzgwvcza9jou4,1,0.178996,1030,1,1,gemm.openmp
gemm.openmptdbjzgwvcza9jou4,1,0.178831,1030,1,1,gemm.openmp
gemm.openmptdbjzgwvcza9jou4,1,0.183287,1030,1,1,gemm.openmp
gemm.openmptdbjzgwvcza9jou4,1,0.18359,1030,1,1,gemm.openmp
gemm.openmptdbjzgwvcza9jou4,1,0.180962,1030,1,1,gemm.openmp
gemm.openmptdbjzgwvcza9jou4,1,0.181335,1030,1,1,gemm.openmp
gemm.openmptdbjzgwvcza9jou4,1,0.180404,1030,1,1,gemm.openmp
gemm.openmptdbjzgwvcza9jou4,1,0.181749,1030,1,1,gemm.openmp
gemm.openmptdbjzgwvcza9jou4,1,0.180742,1030,1,1,gemm.openmp
gemm.openmptdbjzgwvcza9jou4,2,0.163894,1030,1,1,gemm.openmp
gemm.openmptdbjzgwvcza9jou4,2,0.164069,1030,1,1,gemm.openmp
gemm.openmptdbjzgwvcza9jou4,2,0.162876,1030,1,1,gemm.openmp
gemm.openmptdbjzgwvcza9jou4,2,0.160751,1030,1,1,gemm.openmp
gemm.openmptdbjzgwvcza9jou4,2,0.16169,1030,1,1,gemm.openmp
gemm.openmptdbjzgwvcza9jou4,2,0.164617,1030,1,1,gemm.openmp
gemm.openmptdbjzgwvcza9jou4,2,0.161856,1030,1,1,gemm.openmp
gemm.openmptdbjzgwvcza9jou4,2,0.163587,1030,1,1,gemm.openmp
gemm.openmptdbjzgwvcza9jou4,2,0.163565,1030,1,1,gemm.openmp
gemm.openmptdbjzgwvcza9jou4,2,0.159497,1030,1,1,gemm.openmp
gemm.openmptdbjzgwvcza9jou4,3,0.106266,1030,1,1,gemm.openmp
gemm.openmptdbjzgwvcza9jou4,3,0.104911,1030,1,1,gemm.openmp
gemm.openmptdbjzgwvcza9jou4,3,0.107319,1030,1,1,gemm.openmp
gemm.openmptdbjzgwvcza9jou4,3,0.104967,1030,1,1,gemm.openmp
gemm.openmptdbjzgwvcza9jou4,3,0.107643,1030,1,1,gemm.openmp
gemm.openmptdbjzgwvcza9jou4,3,0.105329,1030,1,1,gemm.openmp
gemm.openmptdbjzgwvcza9jou4,3,0.106103,1030,1,1,gemm.openmp
gemm.openmptdbjzgwvcza9jou4,3,0.104758,1030,1,1,gemm.openmp
gemm.openmptdbjzgwvcza9jou4,3,0.106749,1030,1,1,gemm.openmp
gemm.openmptdbjzgwvcza9jou4,3,0.104485,1030,1,1,gemm.openmp
gemm.openmptdbjzgwvcza9jou4,4,0.082341,1030,1,1,gemm.openmp
gemm.openmptdbjzgwvcza9jou4,4,0.081816,1030,1,1,gemm.openmp
gemm.openmptdbjzgwvcza9jou4,4,0.079992,1030,1,1,gemm.openmp
gemm.openmptdbjzgwvcza9jou4,4,0.082275,1030,1,1,gemm.openmp
gemm.openmptdbjzgwvcza9jou4,4,0.081831,1030,1,1,gemm.openmp
gemm.openmptdbjzgwvcza9jou4,4,0.082505,1030,1,1,gemm.openmp
gemm.openmptdbjzgwvcza9jou4,4,0.079596,1030,1,1,gemm.openmp
gemm.openmptdbjzgwvcza9jou4,4,0.080338,1030,1,1,gemm.openmp
gemm.openmptdbjzgwvcza9jou4,4,0.082884,1030,1,1,gemm.openmp
gemm.openmptdbjzgwvcza9jou4,4,0.081688,1030,1,1,gemm.openmp
gemm.openmptdbjzgwvcza9jou4,5,0.06722,1030,1,1,gemm.openmp
gemm.openmptdbjzgwvcza9jou4,5,0.068518,1030,1,1,gemm.openmp
gemm.openmptdbjzgwvcza9jou4,5,0.065855,1030,1,1,gemm.openmp
gemm.openmptdbjzgwvcza9jou4,5,0.064974,1030,1,1,gemm.openmp
gemm.openmptdbjzgwvcza9jou4,5,0.064571,1030,1,1,gemm.openmp
gemm.openmptdbjzgwvcza9jou4,5,0.065746,1030,1,1,gemm.openmp
gemm.openmptdbjzgwvcza9jou4,5,0.063943,1030,1,1,gemm.openmp
gemm.openmptdbjzgwvcza9jou4,5,0.066269,1030,1,1,gemm.openmp
gemm.openmptdbjzgwvcza9jou4,5,0.065017,1030,1,1,gemm.openmp
gemm.openmptdbjzgwvcza9jou4,5,0.065206,1030,1,1,gemm.openmp
gemm.openmptdbjzgwvcza9jou4,6,0.053992,1030,1,1,gemm.openmp
gemm.openmptdbjzgwvcza9jou4,6,0.055559,1030,1,1,gemm.openmp
gemm.openmptdbjzgwvcza9jou4,6,0.056588,1030,1,1,gemm.openmp
gemm.openmptdbjzgwvcza9jou4,6,0.056582,1030,1,1,gemm.openmp
gemm.openmptdbjzgwvcza9jou4,6,0.054891,1030,1,1,gemm.openmp
gemm.openmptdbjzgwvcza9jou4,6,0.055509,1030,1,1,gemm.openmp
gemm.openmptdbjzgwvcza9jou4,6,0.056446,1030,1,1,gemm.openmp
gemm.openmptdbjzgwvcza9jou4,6,0.055645,1030,1,1,gemm.openmp
gemm.openmptdbjzgwvcza9jou4,6,0.055031,1030,1,1,gemm.openmp
gemm.openmptdbjzgwvcza9jou4,6,0.055708,1030,1,1,gemm.openmp
gemm.openmptdbjzgwvcza9jou4,7,0.046942,1030,1,1,gemm.openmp
gemm.openmptdbjzgwvcza9jou4,7,0.047283,1030,1,1,gemm.openmp
gemm.openmptdbjzgwvcza9jou4,7,0.046175,1030,1,1,gemm.openmp
gemm.openmptdbjzgwvcza9jou4,7,0.048236,1030,1,1,gemm.openmp
gemm.openmptdbjzgwvcza9jou4,7,0.047349,1030,1,1,gemm.openmp
gemm.openmptdbjzgwvcza9jou4,7,0.04737,1030,1,1,gemm.openmp
gemm.openmptdbjzgwvcza9jou4,7,0.046251,1030,1,1,gemm.openmp
gemm.openmptdbjzgwvcza9jou4,7,0.048306,1030,1,1,gemm.openmp
gemm.openmptdbjzgwvcza9jou4,7,0.049237,1030,1,1,gemm.openmp
gemm.openmptdbjzgwvcza9jou4,7,0.049082,1030,1,1,gemm.openmp
gemm.openmptdbjzgwvcza9jou4,8,0.041297,1030,1,1,gemm.openmp
gemm.openmptdbjzgwvcza9jou4,8,0.043034,1030,1,1,gemm.openmp
gemm.openmptdbjzgwvcza9jou4,8,0.041432,1030,1,1,gemm.openmp
gemm.openmptdbjzgwvcza9jou4,8,0.04286,1030,1,1,gemm.openmp
gemm.openmptdbjzgwvcza9jou4,8,0.043876,1030,1,1,gemm.openmp
gemm.openmptdbjzgwvcza9jou4,8,0.043359,1030,1,1,gemm.openmp
gemm.openmptdbjzgwvcza9jou4,8,0.043225,1030,1,1,gemm.openmp
gemm.openmptdbjzgwvcza9jou4,8,0.04234,1030,1,1,gemm.openmp
gemm.openmptdbjzgwvcza9jou4,8,0.041673,1030,1,1,gemm.openmp
gemm.openmptdbjzgwvcza9jou4,8,0.042841,1030,1,1,gemm.openmp
gemm56l37se7l819495j,1,0.187806,1025,1,0,gemm
gemm56l37se7l819495j,1,0.188492,1025,1,0,gemm
gemm56l37se7l819495j,1,0.185761,1025,1,0,gemm
gemm56l37se7l819495j,1,0.1861,1025,1,0,gemm
gemm56l37se7l819495j,1,0.192802,1025,1,0,gemm
gemm56l37se7l819495j,1,0.184391,1025,1,0,gemm
gemm56l37se7l819495j,1,0.178942,1025,1,0,gemm
gemm56l37se7l819495j,1,0.185661,1025,1,0,gemm
gemm56l37se7l819495j,1,0.184331,1025,1,0,gemm
gemm56l37se7l819495j,1,0.185399,1025,1,0,gemm
gemm56l37se7l819495j,2,0.184519,1025,1,0,gemm
gemm56l37se7l819495j,2,0.184157,1025,1,0,gemm
gemm56l37se7l819495j,2,0.18176,1025,1,0,gemm
gemm56l37se7l819495j,2,0.186661,1025,1,0,gemm
gemm56l37se7l819495j,2,0.186759,1025,1,0,gemm
gemm56l37se7l819495j,2,0.182905,1025,1,0,gemm
gemm56l37se7l819495j,2,0.187019,1025,1,0,gemm
gemm56l37se7l819495j,2,0.181849,1025,1,0,gemm
gemm56l37se7l819495j,2,0.18718,1025,1,0,gemm
gemm56l37se7l819495j,2,0.191855,1025,1,0,gemm
gemm56l37se7l819495j,3,0.186996,1025,1,0,gemm
gemm56l37se7l819495j,3,0.185726,1025,1,0,gemm
gemm56l37se7l819495j,3,0.182606,1025,1,0,gemm
gemm56l37se7l819495j,3,0.184935,1025,1,0,gemm
gemm56l37se7l819495j,3,0.186416,1025,1,0,gemm
gemm56l37se7l819495j,3,0.179838,1025,1,0,gemm
gemm56l37se7l819495j,3,0.18269,1025,1,0,gemm
gemm56l37se7l819495j,3,0.184735,1025,1,0,gemm
gemm56l37se7l819495j,3,0.185735,1025,1,0,gemm
gemm56l37se7l819495j,3,0.184378,1025,1,0,gemm
gemm56l37se7l819495j,4,0.18349,1025,1,0,gemm
gemm56l37se7l819495j,4,0.184091,1025,1,0,gemm
gemm56l37se7l819495j,4,0.185566,1025,1,0,gemm
gemm56l37se7l819495j,4,0.184853,1025,1,0,gemm
gemm56l37se7l819495j,4,0.183199,1025,1,0,gemm
gemm56l37se7l819495j,4,0.178022,1025,1,0,gemm
gemm56l37se7l819495j,4,0.187653,1025,1,0,gemm
gemm56l37se7l819495j,4,0.184208,1025,1,0,gemm
gemm56l37se7l819495j,4,0.186635,1025,1,0,gemm
gemm56l37se7l819495j,4,0.185375,1025,1,0,gemm
gemm56l37se7l819495j,5,0.189165,1025,1,0,gemm
gemm56l37se7l819495j,5,0.192673,1025,1,0,gemm
gemm56l37se7l819495j,5,0.186698,1025,1,0,gemm
gemm56l37se7l819495j,5,0.183275,1025,1,0,gemm
gemm56l37se7l819495j,5,0.175332,1025,1,0,gemm
gemm56l37se7l819495j,5,0.184606,1025,1,0,gemm
gemm56l37se7l819495j,5,0.188267,1025,1,0,gemm
gemm56l37se7l819495j,5,0.188682,1025,1,0,gemm
gemm56l37se7l819495j,5,0.188577,1025,1,0,gemm
gemm56l37se7l819495j,5,0.187101,1025,1,0,gemm
gemm56l37se7l819495j,6,0.180194,1025,1,0,gemm
gemm56l37se7l819495j,6,0.17999,1025,1,0,gemm
gemm56l37se7l819495j,6,0.181197,1025,1,0,gemm
gemm56l37se7l819495j,6,0.18291,1025,1,0,gemm
gemm56l37se7l819495j,6,0.182618,1025,1,0,gemm
gemm56l37se7l819495j,6,0.188081,1025,1,0,gemm
gemm56l37se7l819495j,6,0.187463,1025,1,0,gemm
gemm56l37se7l819495j,6,0.181561,1025,1,0,gemm
gemm56l37se7l819495j,6,0.190019,1025,1,0,gemm
gemm56l37se7l819495j,6,0.187727,1025,1,0,gemm
gemm56l37se7l819495j,7,0.180839,1025,1,0,gemm
gemm56l37se7l819495j,7,0.184468,1025,1,0,gemm
gemm56l37se7l819495j,7,0.183702,1025,1,0,gemm
gemm56l37se7l819495j,7,0.187369,1025,1,0,gemm
gemm56l37se7l819495j,7,0.182182,1025,1,0,gemm
gemm56l37se7l819495j,7,0.181906,1025,1,0,gemm
gemm56l37se7l819495j,7,0.184791,1025,1,0,gemm
gemm56l37se7l819495j,7,0.1844,1025,1,0,gemm
gemm56l37se7l819495j,7,0.184118,1025,1,0,gemm
gemm56l37se7l819495j,7,0.182145,1025,1,0,gemm
gemm56l37se7l819495j,8,0.185027,1025,1,0,gemm
gemm56l37se7l819495j,8,0.179678,1025,1,0,gemm
gemm56l37se7l819495j,8,0.185638,1025,1,0,gemm
gemm56l37se7l819495j,8,0.187628,1025,1,0,gemm
gemm56l37se7l819495j,8,0.188984,1025,1,0,gemm
gemm56l37se7l819495j,8,0.185809,1025,1,0,gemm
gemm56l37se7l819495j,8,0.188813,1025,1,0,gemm
gemm56l37se7l819495j,8,0.181664,1025,1,0,gemm
gemm56l37se7l819495j,8,0.184317,1025,1,0,gemm
gemm56l37se7l819495j,8,0.178839,1025,1,0,gemm
gemm.openmpkfv1fbvhzs0j2nph,1,0.022355,512,1,1,gemm.openmp
gemm.openmpkfv1fbvhzs0j2nph,1,0.021502,512,1,1,gemm.openmp
gemm.openmpkfv1fbvhzs0j2nph,1,0.021166,512,1,1,gemm.openmp
gemm.openmpkfv1fbvhzs0j2nph,1,0.021323,512,1,1,gemm.openmp
gemm.openmpkfv1fbvhzs0j2nph,1,0.021567,512,1,1,gemm.openmp
gemm.openmpkfv1fbvhzs0j2nph,1,0.021237,512,1,1,gemm.openmp
gemm.openmpkfv1fbvhzs0j2nph,1,0.022051,512,1,1,gemm.openmp
gemm.openmpkfv1fbvhzs0j2nph,1,0.021809,512,1,1,gemm.openmp
gemm.openmpkfv1fbvhzs0j2nph,1,0.021192,512,1,1,gemm.openmp
gemm.openmpkfv1fbvhzs0j2nph,1,0.021473,512,1,1,gemm.openmp
gemm.openmpkfv1fbvhzs0j2nph,2,0.018948,512,1,1,gemm.openmp
gemm.openmpkfv1fbvhzs0j2nph,2,0.019314,512,1,1,gemm.openmp
gemm.openmpkfv1fbvhzs0j2nph,2,0.020109,512,1,1,gemm.openmp
gemm.openmpkfv1fbvhzs0j2nph,2,0.020469,512,1,1,gemm.openmp
gemm.openmpkfv1fbvhzs0j2nph,2,0.019863,512,1,1,gemm.openmp
gemm.openmpkfv1fbvhzs0j2nph,2,0.01998,512,1,1,gemm.openmp
gemm.openmpkfv1fbvhzs0j2nph,2,0.019462,512,1,1,gemm.openmp
gemm.openmpkfv1fbvhzs0j2nph,2,0.01945,512,1,1,gemm.openmp
gemm.openmpkfv1fbvhzs0j2nph,2,0.018842,512,1,1,gemm.openmp
gemm.openmpkfv1fbvhzs0j2nph,2,0.020356,512,1,1,gemm.openmp
gemm.openmpkfv1fbvhzs0j2nph,3,0.013236,512,1,1,gemm.openmp
gemm.openmpkfv1fbvhzs0j2nph,3,0.013446,512,1,1,gemm.openmp
gemm.openmpkfv1fbvhzs0j2nph,3,0.013301,512,1,1,gemm.openmp
gemm.openmpkfv1fbvhzs0j2nph,3,0.013031,512,1,1,gemm.openmp
gemm.openmpkfv1fbvhzs0j2nph,3,0.013547,512,1,1,gemm.openmp
gemm.openmpkfv1fbvhzs0j2nph,3,0.01326,512,1,1,gemm.openmp
gemm.openmpkfv1fbvhzs0j2nph,3,0.012696,512,1,1,gemm.openmp
gemm.openmpkfv1fbvhzs0j2nph,3,0.013397,512,1,1,gemm.openmp
gemm.openmpkfv1fbvhzs0j2nph,3,0.013284,512,1,1,gemm.openmp
gemm.openmpkfv1fbvhzs0j2nph,3,0.012979,512,1,1,gemm.openmp
gemm.openmpkfv1fbvhzs0j2nph,4,0.010202,512,1,1,gemm.openmp
gemm.openmpkfv1fbvhzs0j2nph,4,0.010007,512,1,1,gemm.openmp
gemm.openmpkfv1fbvhzs0j2nph,4,0.01004,512,1,1,gemm.openmp
gemm.openmpkfv1fbvhzs0j2nph,4,0.009797,512,1,1,gemm.openmp
gemm.openmpkfv1fbvhzs0j2nph,4,0.010286,512,1,1,gemm.openmp
gemm.openmpkfv1fbvhzs0j2nph,4,0.009765,512,1,1,gemm.openmp
gemm.openmpkfv1fbvhzs0j2nph,4,0.009623,512,1,1,gemm.openmp
gemm.openmpkfv1fbvhzs0j2nph,4,0.010182,512,1,1,gemm.openmp
gemm.openmpkfv1fbvhzs0j2nph,4,0.00978,512,1,1,gemm.openmp
gemm.openmpkfv1fbvhzs0j2nph,4,0.009601,512,1,1,gemm.openmp
gemm.openmpkfv1fbvhzs0j2nph,5,0.007991,512,1,1,gemm.openmp
gemm.openmpkfv1fbvhzs0j2nph,5,0.007831,512,1,1,gemm.openmp
gemm.openmpkfv1fbvhzs0j2nph,5,0.007859,512,1,1,gemm.openmp
gemm.openmpkfv1fbvhzs0j2nph,5,0.007901,512,1,1,gemm.openmp
gemm.openmpkfv1fbvhzs0j2nph,5,0.008356,512,1,1,gemm.openmp
gemm.openmpkfv1fbvhzs0j2nph,5,0.008154,512,1,1,gemm.openmp
gemm.openmpkfv1fbvhzs0j2nph,5,0.007749,512,1,1,gemm.openmp
gemm.openmpkfv1fbvhzs0j2nph,5,0.00787,512,1,1,gemm.openmp
gemm.openmpkfv1fbvhzs0j2nph,5,0.007854,512,1,1,gemm.openmp
gemm.openmpkfv1fbvhzs0j2nph,5,0.007953,512,1,1,gemm.openmp
gemm.openmpkfv1fbvhzs0j2nph,6,0.006748,512,1,1,gemm.openmp
gemm.openmpkfv1fbvhzs0j2nph,6,0.007423,512,1,1,gemm.openmp
gemm.openmpkfv1fbvhzs0j2nph,6,0.006643,512,1,1,gemm.openmp
gemm.openmpkfv1fbvhzs0j2nph,6,0.006656,512,1,1,gemm.openmp
gemm.openmpkfv1fbvhzs0j2nph,6,0.006879,512,1,1,gemm.openmp
gemm.openmpkfv1fbvhzs0j2nph,6,0.006774,512,1,1,gemm.openmp
gemm.openmpkfv1fbvhzs0j2nph,6,0.006708,512,1,1,gemm.openmp
gemm.openmpkfv1fbvhzs0j2nph,6,0.006575,512,1,1,gemm.openmp
gemm.openmpkfv1fbvhzs0j2nph,6,0.006601,512,1,1,gemm.openmp
gemm.openmpkfv1fbvhzs0j2nph,6,0.006776,512,1,1,gemm.openmp
gemm.openmpkfv1fbvhzs0j2nph,7,0.005912,512,1,1,gemm.openmp
gemm.openmpkfv1fbvhzs0j2nph,7,0.005891,512,1,1,gemm.openmp
gemm.openmpkfv1fbvhzs0j2nph,7,0.005558,512,1,1,gemm.openmp
gemm.openmpkfv1fbvhzs0j2nph,7,0.00576,512,1,1,gemm.openmp
gemm.openmpkfv1fbvhzs0j2nph,7,0.005668,512,1,1,gemm.openmp
gemm.openmpkfv1fbvhzs0j2nph,7,0.005722,512,1,1,gemm.openmp
gemm.openmpkfv1fbvhzs0j2nph,7,0.005824,512,1,1,gemm.openmp
gemm.openmpkfv1fbvhzs0j2nph,7,0.005682,512,1,1,gemm.openmp
gemm.openmpkfv1fbvhzs0j2nph,7,0.006082,512,1,1,gemm.openmp
gemm.openmpkfv1fbvhzs0j2nph,7,0.005702,512,1,1,gemm.openmp
gemm.openmpkfv1fbvhzs0j2nph,8,0.005052,512,1,1,gemm.openmp
gemm.openmpkfv1fbvhzs0j2nph,8,0.005036,512,1,1,gemm.openmp
gemm.openmpkfv1fbvhzs0j2nph,8,0.004947,512,1,1,gemm.openmp
gemm.openmpkfv1fbvhzs0j2nph,8,0.005232,512,1,1,gemm.openmp
gemm.openmpkfv1fbvhzs0j2nph,8,0.005127,512,1,1,gemm.openmp
gemm.openmpkfv1fbvhzs0j2nph,8,0.005151,512,1,1,gemm.openmp
gemm.openmpkfv1fbvhzs0j2nph,8,0.005461,512,1,1,gemm.openmp
gemm.openmpkfv1fbvhzs0j2nph,8,0.005224,512,1,1,gemm.openmp
gemm.openmpkfv1fbvhzs0j2nph,8,0.005131,512,1,1,gemm.openmp
gemm.openmpkfv1fbvhzs0j2nph,8,0.005109,512,1,1,gemm.openmp
gemmovpm68bvjhni5dsf,1,0.000162,100,1,0,gemm
gemmovpm68bvjhni5dsf,1,0.000162,100,1,0,gemm
gemmovpm68bvjhni5dsf,1,0.000169,100,1,0,gemm
gemmovpm68bvjhni5dsf,1,0.000183,100,1,0,gemm
gemmovpm68bvjhni5dsf,1,0.000164,100,1,0,gemm
gemmovpm68bvjhni5dsf,1,0.000164,100,1,0,gemm
gemmovpm68bvjhni5dsf,1,0.000207,100,1,0,gemm
gemmovpm68bvjhni5dsf,1,0.000162,100,1,0,gemm
gemmovpm68bvjhni5dsf,1,0.000193,100,1,0,gemm
gemmovpm68bvjhni5dsf,1,0.000161,100,1,0,gemm
gemmovpm68bvjhni5dsf,3,0.000206,100,1,0,gemm
gemmovpm68bvjhni5dsf,3,0.000163,100,1,0,gemm
gemmovpm68bvjhni5dsf,3,0.000193,100,1,0,gemm
gemmovpm68bvjhni5dsf,3,0.000165,100,1,0,gemm
gemmovpm68bvjhni5dsf,3,0.000151,100,1,0,gemm
gemmovpm68bvjhni5dsf,3,0.000204,100,1,0,gemm
gemmovpm68bvjhni5dsf,3,0.0002,100,1,0,gemm
gemmovpm68bvjhni5dsf,3,0.000149,100,1,0,gemm
gemmovpm68bvjhni5dsf,3,0.000201,100,1,0,gemm
gemmovpm68bvjhni5dsf,3,0.000163,100,1,0,gemm
gemmovpm68bvjhni5dsf,5,0.000156,100,1,0,gemm
gemmovpm68bvjhni5dsf,5,0.000194,100,1,0,gemm
gemmovpm68bvjhni5dsf,5,0.000161,100,1,0,gemm
gemmovpm68bvjhni5dsf,5,0.000168,100,1,0,gemm
gemmovpm68bvjhni5dsf,5,0.000195,100,1,0,gemm
gemmovpm68bvjhni5dsf,5,0.000195,100,1,0,gemm
gemmovpm68bvjhni5dsf,5,0.00015,100,1,0,gemm
gemmovpm68bvjhni5dsf,5,0.000204,100,1,0,gemm
gemmovpm68bvjhni5dsf,5,0.000165,100,1,0,gemm
gemmovpm68bvjhni5dsf,5,0.000204,100,1,0,gemm
gemmovpm68bvjhni5dsf,7,0.000151,100,1,0,gemm
gemmovpm68bvjhni5dsf,7,0.000149,100,1,0,gemm
gemmovpm68bvjhni5dsf,7,0.00015,100,1,0,gemm
gemmovpm68bvjhni5dsf,7,0.000181,100,1,0,gemm
gemmovpm68bvjhni5dsf,7,0.000192,100,1,0,gemm
gemmovpm68bvjhni5dsf,7,0.000165,100,1,0,gemm
gemmovpm68bvjhni5dsf,7,0.000191,100,1,0,gemm
gemmovpm68bvjhni5dsf,7,0.000203,100,1,0,gemm
gemmovpm68bvjhni5dsf,7,0.000155,100,1,0,gemm
gemmovpm68bvjhni5dsf,7,0.000195,100,1,0,gemm
gemmovpm68bvjhni5dsf,9,0.000154,100,1,0,gemm
gemmovpm68bvjhni5dsf,9,0.000151,100,1,0,gemm
gemmovpm68bvjhni5dsf,9,0.000159,100,1,0,gemm
gemmovpm68bvjhni5dsf,9,0.000191,100,1,0,gemm
gemmovpm68bvjhni5dsf,9,0.000152,100,1,0,gemm
gemmovpm68bvjhni5dsf,9,0.000159,100,1,0,gemm
gemmovpm68bvjhni5dsf,9,0.000155,100,1,0,gemm
gemmovpm68bvjhni5dsf,9,0.000197,100,1,0,gemm
gemmovpm68bvjhni5dsf,9,0.000198,100,1,0,gemm
gemmovpm68bvjhni5dsf,9,0.000203,100,1,0,gemm
gemmovpm68bvjhni5dsf,11,0.000152,100,1,0,gemm
gemmovpm68bvjhni5dsf,11,0.000191,100,1,0,gemm
gemmovpm68bvjhni5dsf,11,0.000191,100,1,0,gemm
gemmovpm68bvjhni5dsf,11,0.000148,100,1,0,gemm
gemmovpm68bvjhni5dsf,11,0.000153,100,1,0,gemm
gemmovpm68bvjhni5dsf,11,0.000148,100,1,0,gemm
gemmovpm68bvjhni5dsf,11,0.000194,100,1,0,gemm
gemmovpm68bvjhni5dsf,11,0.000193,100,1,0,gemm
gemmovpm68bvjhni5dsf,11,0.00016,100,1,0,gemm
gemmovpm68bvjhni5dsf,11,0.000154,100,1,0,gemm
gemmovpm68bvjhni5dsf,13,0.000201,100,1,0,gemm
gemmovpm68bvjhni5dsf,13,0.000156,100,1,0,gemm
gemmovpm68bvjhni5dsf,13,0.000169,100,1,0,gemm
gemmovpm68bvjhni5dsf,13,0.000153,100,1,0,gemm
gemmovpm68bvjhni5dsf,13,0.00015,100,1,0,gemm
gemmovpm68bvjhni5dsf,13,0.000202,100,1,0,gemm
gemmovpm68bvjhni5dsf,13,0.00015,100,1,0,gemm
gemmovpm68bvjhni5dsf,13,0.000149,100,1,0,gemm
gemmovpm68bvjhni5dsf,13,0.000194,100,1,0,gemm
gemmovpm68bvjhni5dsf,13,0.000157,100,1,0,gemm
gemmovpm68bvjhni5dsf,15,0.000147,100,1,0,gemm
gemmovpm68bvjhni5dsf,15,0.000208,100,1,0,gemm
gemmovpm68bvjhni5dsf,15,0.000163,100,1,0,gemm
gemmovpm68bvjhni5dsf,15,0.000205,100,1,0,gemm
gemmovpm68bvjhni5dsf,15,0.000148,100,1,0,gemm
gemmovpm68bvjhni5dsf,15,0.00017,100,1,0,gemm
gemmovpm68bvjhni5dsf,15,0.000193,100,1,0,gemm
gemmovpm68bvjhni5dsf,15,0.000173,100,1,0,gemm
gemmovpm68bvjhni5dsf,15,0.00015,100,1,0,gemm
gemmovpm68bvjhni5dsf,15,0.000156,100,1,0,gemm
gemmovpm68bvjhni5dsf,17,0.000156,100,1,0,gemm
gemmovpm68bvjhni5dsf,17,0.000197,100,1,0,gemm
gemmovpm68bvjhni5dsf,17,0.000206,100,1,0,gemm
gemmovpm68bvjhni5dsf,17,0.000154,100,1,0,gemm
gemmovpm68bvjhni5dsf,17,0.000175,100,1,0,gemm
gemmovpm68bvjhni5dsf,17,0.000155,100,1,0,gemm
gemmovpm68bvjhni5dsf,17,0.000148,100,1,0,gemm
gemmovpm68bvjhni5dsf,17,0.000163,100,1,0,gemm
gemmovpm68bvjhni5dsf,17,0.000152,100,1,0,gemm
gemmovpm68bvjhni5dsf,17,0.00019,100,1,0,gemm
gemmovpm68bvjhni5dsf,19,0.000159,100,1,0,gemm
gemmovpm68bvjhni5dsf,19,0.000151,100,1,0,gemm
gemmovpm68bvjhni5dsf,19,0.000194,100,1,0,gemm
gemmovpm68bvjhni5dsf,19,0.00015,100,1,0,gemm
gemmovpm68bvjhni5dsf,19,0.00015,100,1,0,gemm
gemmovpm68bvjhni5dsf,19,0.000191,100,1,0,gemm
gemmovpm68bvjhni5dsf,19,0.000152,100,1,0,gemm
gemmovpm68bvjhni5dsf,19,0.000149,100,1,0,gemm
gemmovpm68bvjhni5dsf,19,0.000184,100,1,0,gemm
gemmovpm68bvjhni5dsf,19,0.000151,100,1,0,gemm
gemmovpm68bvjhni5dsf,21,0.000199,100,1,0,gemm
gemmovpm68bvjhni5dsf,21,0.00019,100,1,0,gemm
gemmovpm68bvjhni5dsf,21,0.000148,100,1,0,gemm
gemmovpm68bvjhni5dsf,21,0.000191,100,1,0,gemm
gemmovpm68bvjhni5dsf,21,0.000191,100,1,0,gemm
gemmovpm68bvjhni5dsf,21,0.000151,100,1,0,gemm
gemmovpm68bvjhni5dsf,21,0.00015,100,1,0,gemm
gemmovpm68bvjhni5dsf,21,0.000152,100,1,0,gemm
gemmovpm68bvjhni5dsf,21,0.000195,100,1,0,gemm
gemmovpm68bvjhni5dsf,21,0.00015,100,1,0,gemm
gemmovpm68bvjhni5dsf,23,0.000193,100,1,0,gemm
gemmovpm68bvjhni5dsf,23,0.000154,100,1,0,gemm
gemmovpm68bvjhni5dsf,23,0.000149,100,1,0,gemm
gemmovpm68bvjhni5dsf,23,0.000196,100,1,0,gemm
gemmovpm68bvjhni5dsf,23,0.000155,100,1,0,gemm
gemmovpm68bvjhni5dsf,23,0.000195,100,1,0,gemm
gemmovpm68bvjhni5dsf,23,0.000153,100,1,0,gemm
gemmovpm68bvjhni5dsf,23,0.000151,100,1,0,gemm
gemmovpm68bvjhni5dsf,23,0.000156,100,1,0,gemm
gemmovpm68bvjhni5dsf,23,0.000156,100,1,0,gemm
gemmovpm68bvjhni5dsf,25,0.000202,100,1,0,gemm
gemmovpm68bvjhni5dsf,25,0.000154,100,1,0,gemm
gemmovpm68bvjhni5dsf,25,0.000196,100,1,0,gemm
gemmovpm68bvjhni5dsf,25,0.000193,100,1,0,gemm
gemmovpm68bvjhni5dsf,25,0.000152,100,1,0,gemm
gemmovpm68bvjhni5dsf,25,0.00019,100,1,0,gemm
gemmovpm68bvjhni5dsf,25,0.00019,100,1,0,gemm
gemmovpm68bvjhni5dsf,25,0.000172,100,1,0,gemm
gemmovpm68bvjhni5dsf,25,0.00019,100,1,0,gemm
gemmovpm68bvjhni5dsf,25,0.000195,100,1,0,gemm
gemmovpm68bvjhni5dsf,27,0.000153,100,1,0,gemm
gemmovpm68bvjhni5dsf,27,0.000159,100,1,0,gemm
gemmovpm68bvjhni5dsf,27,0.000151,100,1,0,gemm
gemmovpm68bvjhni5dsf,27,0.000163,100,1,0,gemm
gemmovpm68bvjhni5dsf,27,0.000153,100,1,0,gemm
gemmovpm68bvjhni5dsf,27,0.000206,100,1,0,gemm
gemmovpm68bvjhni5dsf,27,0.000191,100,1,0,gemm
gemmovpm68bvjhni5dsf,27,0.000192,100,1,0,gemm
gemmovpm68bvjhni5dsf,27,0.000157,100,1,0,gemm
gemmovpm68bvjhni5dsf,27,0.000211,100,1,0,gemm
gemmovpm68bvjhni5dsf,29,0.000195,100,1,0,gemm
gemmovpm68bvjhni5dsf,29,0.000195,100,1,0,gemm
gemmovpm68bvjhni5dsf,29,0.000154,100,1,0,gemm
gemmovpm68bvjhni5dsf,29,0.000162,100,1,0,gemm
gemmovpm68bvjhni5dsf,29,0.0002,100,1,0,gemm
gemmovpm68bvjhni5dsf,29,0.000149,100,1,0,gemm
gemmovpm68bvjhni5dsf,29,0.000163,100,1,0,gemm
gemmovpm68bvjhni5dsf,29,0.000197,100,1,0,gemm
gemmovpm68bvjhni5dsf,29,0.000194,100,1,0,gemm
gemmovpm68bvjhni5dsf,29,0.000149,100,1,0,gemm
gemmovpm68bvjhni5dsf,31,0.00015,100,1,0,gemm
gemmovpm68bvjhni5dsf,31,0.000161,100,1,0,gemm
gemmovpm68bvjhni5dsf,31,0.0002,100,1,0,gemm
gemmovpm68bvjhni5dsf,31,0.000152,100,1,0,gemm
gemmovpm68bvjhni5dsf,31,0.000161,100,1,0,gemm
gemmovpm68bvjhni5dsf,31,0.000195,100,1,0,gemm
gemmovpm68bvjhni5dsf,31,0.000164,100,1,0,gemm
gemmovpm68bvjhni5dsf,31,0.000159,100,1,0,gemm
gemmovpm68bvjhni5dsf,31,0.000147,100,1,0,gemm
gemmovpm68bvjhni5dsf,31,0.000166,100,1,0,gemm
gemm.openmp26uevofkly79058p,1,0.000184,100,1,1,gemm.openmp
gemm.openmp26uevofkly79058p,1,0.00015,100,1,1,gemm.openmp
gemm.openmp26uevofkly79058p,1,0.000162,100,1,1,gemm.openmp
gemm.openmp26uevofkly79058p,1,0.000197,100,1,1,gemm.openmp
gemm.openmp26uevofkly79058p,1,0.000151,100,1,1,gemm.openmp
gemm.openmp26uevofkly79058p,1,0.000168,100,1,1,gemm.openmp
gemm.openmp26uevofkly79058p,1,0.000194,100,1,1,gemm.openmp
gemm.openmp26uevofkly79058p,1,0.00019,100,1,1,gemm.openmp
gemm.openmp26uevofkly79058p,1,0.000191,100,1,1,gemm.openmp
gemm.openmp26uevofkly79058p,1,0.000195,100,1,1,gemm.openmp
gemm.openmp26uevofkly79058p,3,0.000101,100,1,1,gemm.openmp
gemm.openmp26uevofkly79058p,3,0.000108,100,1,1,gemm.openmp
gemm.openmp26uevofkly79058p,3,0.000109,100,1,1,gemm.openmp
gemm.openmp26uevofkly79058p,3,0.000117,100,1,1,gemm.openmp
gemm.openmp26uevofkly79058p,3,0.000129,100,1,1,gemm.openmp
gemm.openmp26uevofkly79058p,3,0.000112,100,1,1,gemm.openmp
gemm.openmp26uevofkly79058p,3,0.000116,100,1,1,gemm.openmp
gemm.openmp26uevofkly79058p,3,0.0001,100,1,1,gemm.openmp
gemm.openmp26uevofkly79058p,3,9.7e-05,100,1,1,gemm.openmp
gemm.openmp26uevofkly79058p,3,0.000112,100,1,1,gemm.openmp
gemm.openmp26uevofkly79058p,5,6.8e-05,100,1,1,gemm.openmp
gemm.openmp26uevofkly79058p,5,7.6e-05,100,1,1,gemm.openmp
gemm.openmp26uevofkly79058p,5,7.6e-05,100,1,1,gemm.openmp
gemm.openmp26uevofkly79058p,5,6.7e-05,100,1,1,gemm.openmp
gemm.openmp26uevofkly79058p,5,7.5e-05,100,1,1,gemm.openmp
gemm.openmp26uevofkly79058p,5,7.7e-05,100,1,1,gemm.openmp
gemm.openmp26uevofkly79058p,5,7.7e-05,100,1,1,gemm.openmp
gemm.openmp26uevofkly79058p,5,5.6e-05,100,1,1,gemm.openmp
gemm.openmp26uevofkly79058p,5,7.6e-05,100,1,1,gemm.openmp
gemm.openmp26uevofkly79058p,5,7.4e-05,100,1,1,gemm.openmp
gemm.openmp26uevofkly79058p,7,5.2e-05,100,1,1,gemm.openmp
gemm.openmp26uevofkly79058p,7,5.3e-05,100,1,1,gemm.openmp
gemm.openmp26uevofkly79058p,7,5.1e-05,100,1,1,gemm.openmp
gemm.openmp26uevofkly79058p,7,5.6e-05,100,1,1,gemm.openmp
gemm.openmp26uevofkly79058p,7,5.2e-05,100,1,1,gemm.openmp
gemm.openmp26uevofkly79058p,7,5.6e-05,100,1,1,gemm.openmp
gemm.openmp26uevofkly79058p,7,5.9e-05,100,1,1,gemm.openmp
gemm.openmp26uevofkly79058p,7,5.7e-05,100,1,1,gemm.openmp
gemm.openmp26uevofkly79058p,7,5e-05,100,1,1,gemm.openmp
gemm.openmp26uevofkly79058p,7,4.4e-05,100,1,1,gemm.openmp
gemm.openmp26uevofkly79058p,9,0.019581,100,1,1,gemm.openmp
gemm.openmp26uevofkly79058p,9,0.019584,100,1,1,gemm.openmp
gemm.openmp26uevofkly79058p,9,0.019585,100,1,1,gemm.openmp
gemm.openmp26uevofkly79058p,9,0.019629,100,1,1,gemm.openmp
gemm.openmp26uevofkly79058p,9,0.019643,100,1,1,gemm.openmp
gemm.openmp26uevofkly79058p,9,0.019574,100,1,1,gemm.openmp
gemm.openmp26uevofkly79058p,9,0.019557,100,1,1,gemm.openmp
gemm.openmp26uevofkly79058p,9,0.019566,100,1,1,gemm.openmp
gemm.openmp26uevofkly79058p,9,0.019582,100,1,1,gemm.openmp
gemm.openmp26uevofkly79058p,9,0.019591,100,1,1,gemm.openmp
gemm.openmp26uevofkly79058p,11,0.019563,100,1,1,gemm.openmp
gemm.openmp26uevofkly79058p,11,0.01963,100,1,1,gemm.openmp
gemm.openmp26uevofkly79058p,11,0.019646,100,1,1,gemm.openmp
gemm.openmp26uevofkly79058p,11,0.019585,100,1,1,gemm.openmp
gemm.openmp26uevofkly79058p,11,0.01958,100,1,1,gemm.openmp
gemm.openmp26uevofkly79058p,11,0.019622,100,1,1,gemm.openmp
gemm.openmp26uevofkly79058p,11,0.019618,100,1,1,gemm.openmp
gemm.openmp26uevofkly79058p,11,0.019615,100,1,1,gemm.openmp
gemm.openmp26uevofkly79058p,11,0.019605,100,1,1,gemm.openmp
gemm.openmp26uevofkly79058p,11,0.01962,100,1,1,gemm.openmp
gemm.openmp26uevofkly79058p,13,0.0196,100,1,1,gemm.openmp
gemm.openmp26uevofkly79058p,13,0.019696,100,1,1,gemm.openmp
gemm.openmp26uevofkly79058p,13,0.019647,100,1,1,gemm.openmp
gemm.openmp26uevofkly79058p,13,0.019614,100,1,1,gemm.openmp
gemm.openmp26uevofkly79058p,13,0.019599,100,1,1,gemm.openmp
gemm.openmp26uevofkly79058p,13,0.019631,100,1,1,gemm.openmp
gemm.openmp26uevofkly79058p,13,0.019607,100,1,1,gemm.openmp
gemm.openmp26uevofkly79058p,13,0.019599,100,1,1,gemm.openmp
gemm.openmp26uevofkly79058p,13,0.019603,100,1,1,gemm.openmp
gemm.openmp26uevofkly79058p,13,0.019863,100,1,1,gemm.openmp
gemm.openmp26uevofkly79058p,15,0.01966,100,1,1,gemm.openmp
gemm.openmp26uevofkly79058p,15,0.019668,100,1,1,gemm.openmp
gemm.openmp26uevofkly79058p,15,0.019642,100,1,1,gemm.openmp
gemm.openmp26uevofkly79058p,15,0.019634,100,1,1,gemm.openmp
gemm.openmp26uevofkly79058p,15,0.019612,100,1,1,gemm.openmp
gemm.openmp26uevofkly79058p,15,0.019615,100,1,1,gemm.openmp
gemm.openmp26uevofkly79058p,15,0.01959,100,1,1,gemm.openmp
gemm.openmp26uevofkly79058p,15,0.019584,100,1,1,gemm.openmp
gemm.openmp26uevofkly79058p,15,0.019624,100,1,1,gemm.openmp
gemm.openmp26uevofkly79058p,15,0.019641,100,1,1,gemm.openmp
gemm.openmp26uevofkly79058p,17,0.048977,100,1,1,gemm.openmp
gemm.openmp26uevofkly79058p,17,0.048931,100,1,1,gemm.openmp
gemm.openmp26uevofkly79058p,17,0.049006,100,1,1,gemm.openmp
gemm.openmp26uevofkly79058p,17,0.048932,100,1,1,gemm.openmp
gemm.openmp26uevofkly79058p,17,0.049035,100,1,1,gemm.openmp
gemm.openmp26uevofkly79058p,17,0.049225,100,1,1,gemm.openmp
gemm.openmp26uevofkly79058p,17,0.029373,100,1,1,gemm.openmp
gemm.openmp26uevofkly79058p,17,0.048918,100,1,1,gemm.openmp
gemm.openmp26uevofkly79058p,17,0.048922,100,1,1,gemm.openmp
gemm.openmp26uevofkly79058p,17,0.048918,100,1,1,gemm.openmp
gemm.openmp26uevofkly79058p,19,0.048932,100,1,1,gemm.openmp
gemm.openmp26uevofkly79058p,19,0.048991,100,1,1,gemm.openmp
gemm.openmp26uevofkly79058p,19,0.048979,100,1,1,gemm.openmp
gemm.openmp26uevofkly79058p,19,0.049021,100,1,1,gemm.openmp
gemm.openmp26uevofkly79058p,19,0.049056,100,1,1,gemm.openmp
gemm.openmp26uevofkly79058p,19,0.029617,100,1,1,gemm.openmp
gemm.openmp26uevofkly79058p,19,0.04892,100,1,1,gemm.openmp
gemm.openmp26uevofkly79058p,19,0.048987,100,1,1,gemm.openmp
gemm.openmp26uevofkly79058p,19,0.048959,100,1,1,gemm.openmp
gemm.openmp26uevofkly79058p,19,0.048924,100,1,1,gemm.openmp
gemm.openmp26uevofkly79058p,21,0.048994,100,1,1,gemm.openmp
gemm.openmp26uevofkly79058p,21,0.048908,100,1,1,gemm.openmp
gemm.openmp26uevofkly79058p,21,0.048941,100,1,1,gemm.openmp
gemm.openmp26uevofkly79058p,21,0.029409,100,1,1,gemm.openmp
gemm.openmp26uevofkly79058p,21,0.048945,100,1,1,gemm.openmp
gemm.openmp26uevofkly79058p,21,0.049141,100,1,1,gemm.openmp
gemm.openmp26uevofkly79058p,21,0.02942,100,1,1,gemm.openmp
gemm.openmp26uevofkly79058p,21,0.048959,100,1,1,gemm.openmp
gemm.openmp26uevofkly79058p,21,0.049038,100,1,1,gemm.openmp
gemm.openmp26uevofkly79058p,21,0.029446,100,1,1,gemm.openmp
gemm.openmp26uevofkly79058p,23,0.049075,100,1,1,gemm.openmp
gemm.openmp26uevofkly79058p,23,0.029389,100,1,1,gemm.openmp
gemm.openmp26uevofkly79058p,23,0.048884,100,1,1,gemm.openmp
gemm.openmp26uevofkly79058p,23,0.048967,100,1,1,gemm.openmp
gemm.openmp26uevofkly79058p,23,0.049005,100,1,1,gemm.openmp
gemm.openmp26uevofkly79058p,23,0.048935,100,1,1,gemm.openmp
gemm.openmp26uevofkly79058p,23,0.048994,100,1,1,gemm.openmp
gemm.openmp26uevofkly79058p,23,0.048969,100,1,1,gemm.openmp
gemm.openmp26uevofkly79058p,23,0.048938,100,1,1,gemm.openmp
gemm.openmp26uevofkly79058p,23,0.048952,100,1,1,gemm.openmp
gemm.openmp26uevofkly79058p,25,0.078347,100,1,1,gemm.openmp
gemm.openmp26uevofkly79058p,25,0.068498,100,1,1,gemm.openmp
gemm.openmp26uevofkly79058p,25,0.068619,100,1,1,gemm.openmp
gemm.openmp26uevofkly79058p,25,0.068457,100,1,1,gemm.openmp
gemm.openmp26uevofkly79058p,25,0.068459,100,1,1,gemm.openmp
gemm.openmp26uevofkly79058p,25,0.068545,100,1,1,gemm.openmp
gemm.openmp26uevofkly79058p,25,0.06855,100,1,1,gemm.openmp
gemm.openmp26uevofkly79058p,25,0.058636,100,1,1,gemm.openmp
gemm.openmp26uevofkly79058p,25,0.06846,100,1,1,gemm.openmp
gemm.openmp26uevofkly79058p,25,0.068485,100,1,1,gemm.openmp
gemm.openmp26uevofkly79058p,27,0.068452,100,1,1,gemm.openmp
gemm.openmp26uevofkly79058p,27,0.078338,100,1,1,gemm.openmp
gemm.openmp26uevofkly79058p,27,0.068582,100,1,1,gemm.openmp
gemm.openmp26uevofkly79058p,27,0.068511,100,1,1,gemm.openmp
gemm.openmp26uevofkly79058p,27,0.068511,100,1,1,gemm.openmp
gemm.openmp26uevofkly79058p,27,0.068517,100,1,1,gemm.openmp
gemm.openmp26uevofkly79058p,27,0.068518,100,1,1,gemm.openmp
gemm.openmp26uevofkly79058p,27,0.068564,100,1,1,gemm.openmp
gemm.openmp26uevofkly79058p,27,0.068491,100,1,1,gemm.openmp
gemm.openmp26uevofkly79058p,27,0.078974,100,1,1,gemm.openmp
gemm.openmp26uevofkly79058p,29,0.068476,100,1,1,gemm.openmp
gemm.openmp26uevofkly79058p,29,0.078351,100,1,1,gemm.openmp
gemm.openmp26uevofkly79058p,29,0.06851,100,1,1,gemm.openmp
gemm.openmp26uevofkly79058p,29,0.068504,100,1,1,gemm.openmp
gemm.openmp26uevofkly79058p,29,0.068508,100,1,1,gemm.openmp
gemm.openmp26uevofkly79058p,29,0.069784,100,1,1,gemm.openmp
gemm.openmp26uevofkly79058p,29,0.078267,100,1,1,gemm.openmp
gemm.openmp26uevofkly79058p,29,0.068537,100,1,1,gemm.openmp
gemm.openmp26uevofkly79058p,29,0.068562,100,1,1,gemm.openmp
gemm.openmp26uevofkly79058p,29,0.068607,100,1,1,gemm.openmp
gemm.openmp26uevofkly79058p,31,0.068483,100,1,1,gemm.openmp
gemm.openmp26uevofkly79058p,31,0.068546,100,1,1,gemm.openmp
gemm.openmp26uevofkly79058p,31,0.068532,100,1,1,gemm.openmp
gemm.openmp26uevofkly79058p,31,0.068445,100,1,1,gemm.openmp
gemm.openmp26uevofkly79058p,31,0.06853,100,1,1,gemm.openmp
gemm.openmp26uevofkly79058p,31,0.068515,100,1,1,gemm.openmp
gemm.openmp26uevofkly79058p,31,0.06851,100,1,1,gemm.openmp
gemm.openmp26uevofkly79058p,31,0.078317,100,1,1,gemm.openmp
gemm.openmp26uevofkly79058p,31,0.068761,100,1,1,gemm.openmp
gemm.openmp26uevofkly79058p,31,0.068511,100,1,1,gemm.openmp
gemm.openmp62oityi9rflf9buu,1,1e-06,10,1,1,gemm.openmp
gemm.openmp62oityi9rflf9buu,1,1e-06,10,1,1,gemm.openmp
gemm.openmp62oityi9rflf9buu,1,1e-06,10,1,1,gemm.openmp
gemm.openmp62oityi9rflf9buu,1,0.0,10,1,1,gemm.openmp
gemm.openmp62oityi9rflf9buu,1,1e-06,10,1,1,gemm.openmp
gemm.openmp62oityi9rflf9buu,1,1e-06,10,1,1,gemm.openmp
gemm.openmp62oityi9rflf9buu,1,0.0,10,1,1,gemm.openmp
gemm.openmp62oityi9rflf9buu,1,1e-06,10,1,1,gemm.openmp
gemm.openmp62oityi9rflf9buu,1,0.0,10,1,1,gemm.openmp
gemm.openmp62oityi9rflf9buu,1,1e-06,10,1,1,gemm.openmp
gemm.openmp62oityi9rflf9buu,3,2e-06,10,1,1,gemm.openmp
gemm.openmp62oityi9rflf9buu,3,1e-06,10,1,1,gemm.openmp
gemm.openmp62oityi9rflf9buu,3,1e-06,10,1,1,gemm.openmp
gemm.openmp62oityi9rflf9buu,3,2e-06,10,1,1,gemm.openmp
gemm.openmp62oityi9rflf9buu,3,1e-06,10,1,1,gemm.openmp
gemm.openmp62oityi9rflf9buu,3,1e-06,10,1,1,gemm.openmp
gemm.openmp62oityi9rflf9buu,3,2e-06,10,1,1,gemm.openmp
gemm.openmp62oityi9rflf9buu,3,1e-06,10,1,1,gemm.openmp
gemm.openmp62oityi9rflf9buu,3,1e-06,10,1,1,gemm.openmp
gemm.openmp62oityi9rflf9buu,3,1e-06,10,1,1,gemm.openmp
gemm.openmp62oityi9rflf9buu,5,1e-06,10,1,1,gemm.openmp
gemm.openmp62oityi9rflf9buu,5,1e-06,10,1,1,gemm.openmp
gemm.openmp62oityi9rflf9buu,5,2e-06,10,1,1,gemm.openmp
gemm.openmp62oityi9rflf9buu,5,1e-06,10,1,1,gemm.openmp
gemm.openmp62oityi9rflf9buu,5,2e-06,10,1,1,gemm.openmp
gemm.openmp62oityi9rflf9buu,5,1e-06,10,1,1,gemm.openmp
gemm.openmp62oityi9rflf9buu,5,1e-06,10,1,1,gemm.openmp
gemm.openmp62oityi9rflf9buu,5,1e-06,10,1,1,gemm.openmp
gemm.openmp62oityi9rflf9buu,5,1e-06,10,1,1,gemm.openmp
gemm.openmp62oityi9rflf9buu,5,1e-06,10,1,1,gemm.openmp
gemm.openmp62oityi9rflf9buu,7,2e-06,10,1,1,gemm.openmp
gemm.openmp62oityi9rflf9buu,7,1e-06,10,1,1,gemm.openmp
gemm.openmp62oityi9rflf9buu,7,2e-06,10,1,1,gemm.openmp
gemm.openmp62oityi9rflf9buu,7,2e-06,10,1,1,gemm.openmp
gemm.openmp62oityi9rflf9buu,7,2e-06,10,1,1,gemm.openmp
gemm.openmp62oityi9rflf9buu,7,1e-06,10,1,1,gemm.openmp
gemm.openmp62oityi9rflf9buu,7,1e-06,10,1,1,gemm.openmp
gemm.openmp62oityi9rflf9buu,7,2e-06,10,1,1,gemm.openmp
gemm.openmp62oityi9rflf9buu,7,2e-06,10,1,1,gemm.openmp
gemm.openmp62oityi9rflf9buu,7,1e-06,10,1,1,gemm.openmp
gemm.openmp62oityi9rflf9buu,9,0.019514,10,1,1,gemm.openmp
gemm.openmp62oityi9rflf9buu,9,0.019531,10,1,1,gemm.openmp
gemm.openmp62oityi9rflf9buu,9,0.019486,10,1,1,gemm.openmp
gemm.openmp62oityi9rflf9buu,9,0.01961,10,1,1,gemm.openmp
gemm.openmp62oityi9rflf9buu,9,0.019555,10,1,1,gemm.openmp
gemm.openmp62oityi9rflf9buu,9,0.019571,10,1,1,gemm.openmp
gemm.openmp62oityi9rflf9buu,9,0.019567,10,1,1,gemm.openmp
gemm.openmp62oityi9rflf9buu,9,0.019506,10,1,1,gemm.openmp
gemm.openmp62oityi9rflf9buu,9,0.019568,10,1,1,gemm.openmp
gemm.openmp62oityi9rflf9buu,9,0.019554,10,1,1,gemm.openmp
gemm.openmp62oityi9rflf9buu,11,0.019548,10,1,1,gemm.openmp
gemm.openmp62oityi9rflf9buu,11,0.019558,10,1,1,gemm.openmp
gemm.openmp62oityi9rflf9buu,11,0.019572,10,1,1,gemm.openmp
gemm.openmp62oityi9rflf9buu,11,0.019589,10,1,1,gemm.openmp
gemm.openmp62oityi9rflf9buu,11,0.019544,10,1,1,gemm.openmp
gemm.openmp62oityi9rflf9buu,11,0.019572,10,1,1,gemm.openmp
gemm.openmp62oityi9rflf9buu,11,0.019608,10,1,1,gemm.openmp
gemm.openmp62oityi9rflf9buu,11,0.019554,10,1,1,gemm.openmp
gemm.openmp62oityi9rflf9buu,11,0.019537,10,1,1,gemm.openmp
gemm.openmp62oityi9rflf9buu,11,0.019558,10,1,1,gemm.openmp
gemm.openmp62oityi9rflf9buu,13,0.019554,10,1,1,gemm.openmp
gemm.openmp62oityi9rflf9buu,13,0.019538,10,1,1,gemm.openmp
gemm.openmp62oityi9rflf9buu,13,0.019546,10,1,1,gemm.openmp
gemm.openmp62oityi9rflf9buu,13,0.019524,10,1,1,gemm.openmp
gemm.openmp62oityi9rflf9buu,13,0.019592,10,1,1,gemm.openmp
gemm.openmp62oityi9rflf9buu,13,0.019607,10,1,1,gemm.openmp
gemm.openmp62oityi9rflf9buu,13,0.019559,10,1,1,gemm.openmp
gemm.openmp62oityi9rflf9buu,13,0.01955,10,1,1,gemm.openmp
gemm.openmp62oityi9rflf9buu,13,0.019588,10,1,1,gemm.openmp
gemm.openmp62oityi9rflf9buu,13,0.019548,10,1,1,gemm.openmp
gemm.openmp62oityi9rflf9buu,15,0.019589,10,1,1,gemm.openmp
gemm.openmp62oityi9rflf9buu,15,0.019558,10,1,1,gemm.openmp
gemm.openmp62oityi9rflf9buu,15,0.019594,10,1,1,gemm.openmp
gemm.openmp62oityi9rflf9buu,15,0.019542,10,1,1,gemm.openmp
gemm.openmp62oityi9rflf9buu,15,0.01958,10,1,1,gemm.openmp
gemm.openmp62oityi9rflf9buu,15,0.01958,10,1,1,gemm.openmp
gemm.openmp62oityi9rflf9buu,15,0.019618,10,1,1,gemm.openmp
gemm.openmp62oityi9rflf9buu,15,0.01959,10,1,1,gemm.openmp
gemm.openmp62oityi9rflf9buu,15,0.019582,10,1,1,gemm.openmp
gemm.openmp62oityi9rflf9buu,15,0.01956,10,1,1,gemm.openmp
gemm.openmp62oityi9rflf9buu,17,0.048922,10,1,1,gemm.openmp
gemm.openmp62oityi9rflf9buu,17,0.048874,10,1,1,gemm.openmp
gemm.openmp62oityi9rflf9buu,17,0.048922,10,1,1,gemm.openmp
gemm.openmp62oityi9rflf9buu,17,0.048935,10,1,1,gemm.openmp
gemm.openmp62oityi9rflf9buu,17,0.048941,10,1,1,gemm.openmp
gemm.openmp62oityi9rflf9buu,17,0.048906,10,1,1,gemm.openmp
gemm.openmp62oityi9rflf9buu,17,0.048912,10,1,1,gemm.openmp
gemm.openmp62oityi9rflf9buu,17,0.048904,10,1,1,gemm.openmp
gemm.openmp62oityi9rflf9buu,17,0.048888,10,1,1,gemm.openmp
gemm.openmp62oityi9rflf9buu,17,0.048921,10,1,1,gemm.openmp
gemm.openmp62oityi9rflf9buu,19,0.048843,10,1,1,gemm.openmp
gemm.openmp62oityi9rflf9buu,19,0.048979,10,1,1,gemm.openmp
gemm.openmp62oityi9rflf9buu,19,0.04894,10,1,1,gemm.openmp
gemm.openmp62oityi9rflf9buu,19,0.030159,10,1,1,gemm.openmp
gemm.openmp62oityi9rflf9buu,19,0.029374,10,1,1,gemm.openmp
gemm.openmp62oityi9rflf9buu,19,0.04893,10,1,1,gemm.openmp
gemm.openmp62oityi9rflf9buu,19,0.048905,10,1,1,gemm.openmp
gemm.openmp62oityi9rflf9buu,19,0.048915,10,1,1,gemm.openmp
gemm.openmp62oityi9rflf9buu,19,0.049216,10,1,1,gemm.openmp
gemm.openmp62oityi9rflf9buu,19,0.029348,10,1,1,gemm.openmp
gemm.openmp62oityi9rflf9buu,21,0.048885,10,1,1,gemm.openmp
gemm.openmp62oityi9rflf9buu,21,0.029348,10,1,1,gemm.openmp
gemm.openmp62oityi9rflf9buu,21,0.048917,10,1,1,gemm.openmp
gemm.openmp62oityi9rflf9buu,21,0.029351,10,1,1,gemm.openmp
gemm.openmp62oityi9rflf9buu,21,0.048907,10,1,1,gemm.openmp
gemm.openmp62oityi9rflf9buu,21,0.049067,10,1,1,gemm.openmp
gemm.openmp62oityi9rflf9buu,21,0.049136,10,1,1,gemm.openmp
gemm.openmp62oityi9rflf9buu,21,0.04897,10,1,1,gemm.openmp
gemm.openmp62oityi9rflf9buu,21,0.049304,10,1,1,gemm.openmp
gemm.openmp62oityi9rflf9buu,21,0.048926,10,1,1,gemm.openmp
gemm.openmp62oityi9rflf9buu,23,0.048882,10,1,1,gemm.openmp
gemm.openmp62oityi9rflf9buu,23,0.048902,10,1,1,gemm.openmp
gemm.openmp62oityi9rflf9buu,23,0.029403,10,1,1,gemm.openmp
gemm.openmp62oityi9rflf9buu,23,0.029411,10,1,1,gemm.openmp
gemm.openmp62oityi9rflf9buu,23,0.048882,10,1,1,gemm.openmp
gemm.openmp62oityi9rflf9buu,23,0.048956,10,1,1,gemm.openmp
gemm.openmp62oityi9rflf9buu,23,0.048887,10,1,1,gemm.openmp
gemm.openmp62oityi9rflf9buu,23,0.048947,10,1,1,gemm.openmp
gemm.openmp62oityi9rflf9buu,23,0.048882,10,1,1,gemm.openmp
gemm.openmp62oityi9rflf9buu,23,0.049026,10,1,1,gemm.openmp
gemm.openmp62oityi9rflf9buu,25,0.068412,10,1,1,gemm.openmp
gemm.openmp62oityi9rflf9buu,25,0.068462,10,1,1,gemm.openmp
gemm.openmp62oityi9rflf9buu,25,0.068473,10,1,1,gemm.openmp
gemm.openmp62oityi9rflf9buu,25,0.078253,10,1,1,gemm.openmp
gemm.openmp62oityi9rflf9buu,25,0.068474,10,1,1,gemm.openmp
gemm.openmp62oityi9rflf9buu,25,0.068389,10,1,1,gemm.openmp
gemm.openmp62oityi9rflf9buu,25,0.068424,10,1,1,gemm.openmp
gemm.openmp62oityi9rflf9buu,25,0.068434,10,1,1,gemm.openmp
gemm.openmp62oityi9rflf9buu,25,0.068448,10,1,1,gemm.openmp
gemm.openmp62oityi9rflf9buu,25,0.078704,10,1,1,gemm.openmp
gemm.openmp62oityi9rflf9buu,27,0.059337,10,1,1,gemm.openmp
gemm.openmp62oityi9rflf9buu,27,0.078252,10,1,1,gemm.openmp
gemm.openmp62oityi9rflf9buu,27,0.06848,10,1,1,gemm.openmp
gemm.openmp62oityi9rflf9buu,27,0.068467,10,1,1,gemm.openmp
gemm.openmp62oityi9rflf9buu,27,0.068461,10,1,1,gemm.openmp
gemm.openmp62oityi9rflf9buu,27,0.068445,10,1,1,gemm.openmp
gemm.openmp62oityi9rflf9buu,27,0.068491,10,1,1,gemm.openmp
gemm.openmp62oityi9rflf9buu,27,0.068468,10,1,1,gemm.openmp
gemm.openmp62oityi9rflf9buu,27,0.068544,10,1,1,gemm.openmp
gemm.openmp62oityi9rflf9buu,27,0.0687,10,1,1,gemm.openmp
gemm.openmp62oityi9rflf9buu,29,0.068507,10,1,1,gemm.openmp
gemm.openmp62oityi9rflf9buu,29,0.068495,10,1,1,gemm.openmp
gemm.openmp62oityi9rflf9buu,29,0.068497,10,1,1,gemm.openmp
gemm.openmp62oityi9rflf9buu,29,0.068507,10,1,1,gemm.openmp
gemm.openmp62oityi9rflf9buu,29,0.06846,10,1,1,gemm.openmp
gemm.openmp62oityi9rflf9buu,29,0.069764,10,1,1,gemm.openmp
gemm.openmp62oityi9rflf9buu,29,0.068451,10,1,1,gemm.openmp
gemm.openmp62oityi9rflf9buu,29,0.06843,10,1,1,gemm.openmp
gemm.openmp62oityi9rflf9buu,29,0.068465,10,1,1,gemm.openmp
gemm.openmp62oityi9rflf9buu,29,0.068426,10,1,1,gemm.openmp
gemm.openmp62oityi9rflf9buu,31,0.068432,10,1,1,gemm.openmp
gemm.openmp62oityi9rflf9buu,31,0.078228,10,1,1,gemm.openmp
gemm.openmp62oityi9rflf9buu,31,0.068798,10,1,1,gemm.openmp
gemm.openmp62oityi9rflf9buu,31,0.078218,10,1,1,gemm.openmp
gemm.openmp62oityi9rflf9buu,31,0.068453,10,1,1,gemm.openmp
gemm.openmp62oityi9rflf9buu,31,0.068543,10,1,1,gemm.openmp
gemm.openmp62oityi9rflf9buu,31,0.068416,10,1,1,gemm.openmp
gemm.openmp62oityi9rflf9buu,31,0.068437,10,1,1,gemm.openmp
gemm.openmp62oityi9rflf9buu,31,0.068485,10,1,1,gemm.openmp
gemm.openmp62oityi9rflf9buu,31,0.068523,10,1,1,gemm.openmp
gemmjtw258tu579rz2g2,1,0.0,10,1,0,gemm
gemmjtw258tu579rz2g2,1,1e-06,10,1,0,gemm
gemmjtw258tu579rz2g2,1,0.0,10,1,0,gemm
gemmjtw258tu579rz2g2,1,1e-06,10,1,0,gemm
gemmjtw258tu579rz2g2,1,0.0,10,1,0,gemm
gemmjtw258tu579rz2g2,1,1e-06,10,1,0,gemm
gemmjtw258tu579rz2g2,1,1e-06,10,1,0,gemm
gemmjtw258tu579rz2g2,1,0.0,10,1,0,gemm
gemmjtw258tu579rz2g2,1,0.0,10,1,0,gemm
gemmjtw258tu579rz2g2,1,1e-06,10,1,0,gemm
gemmjtw258tu579rz2g2,3,1e-06,10,1,0,gemm
gemmjtw258tu579rz2g2,3,1e-06,10,1,0,gemm
gemmjtw258tu579rz2g2,3,1e-06,10,1,0,gemm
gemmjtw258tu579rz2g2,3,0.0,10,1,0,gemm
gemmjtw258tu579rz2g2,3,1e-06,10,1,0,gemm
gemmjtw258tu579rz2g2,3,0.0,10,1,0,gemm
gemmjtw258tu579rz2g2,3,1e-06,10,1,0,gemm
gemmjtw258tu579rz2g2,3,1e-06,10,1,0,gemm
gemmjtw258tu579rz2g2,3,1e-06,10,1,0,gemm
gemmjtw258tu579rz2g2,3,0.0,10,1,0,gemm
gemmjtw258tu579rz2g2,5,1e-06,10,1,0,gemm
gemmjtw258tu579rz2g2,5,1e-06,10,1,0,gemm
gemmjtw258tu579rz2g2,5,0.0,10,1,0,gemm
gemmjtw258tu579rz2g2,5,0.0,10,1,0,gemm
gemmjtw258tu579rz2g2,5,1e-06,10,1,0,gemm
gemmjtw258tu579rz2g2,5,0.0,10,1,0,gemm
gemmjtw258tu579rz2g2,5,0.0,10,1,0,gemm
gemmjtw258tu579rz2g2,5,1e-06,10,1,0,gemm
gemmjtw258tu579rz2g2,5,1e-06,10,1,0,gemm
gemmjtw258tu579rz2g2,5,0.0,10,1,0,gemm
gemmjtw258tu579rz2g2,7,0.0,10,1,0,gemm
gemmjtw258tu579rz2g2,7,0.0,10,1,0,gemm
gemmjtw258tu579rz2g2,7,1e-06,10,1,0,gemm
gemmjtw258tu579rz2g2,7,0.0,10,1,0,gemm
gemmjtw258tu579rz2g2,7,0.0,10,1,0,gemm
gemmjtw258tu579rz2g2,7,0.0,10,1,0,gemm
gemmjtw258tu579rz2g2,7,1e-06,10,1,0,gemm
gemmjtw258tu579rz2g2,7,1e-06,10,1,0,gemm
gemmjtw258tu579rz2g2,7,1e-06,10,1,0,gemm
gemmjtw258tu579rz2g2,7,1e-06,10,1,0,gemm
gemmjtw258tu579rz2g2,9,0.0,10,1,0,gemm
gemmjtw258tu579rz2g2,9,0.0,10,1,0,gemm
gemmjtw258tu579rz2g2,9,0.0,10,1,0,gemm
gemmjtw258tu579rz2g2,9,0.0,10,1,0,gemm
gemmjtw258tu579rz2g2,9,1e-06,10,1,0,gemm
gemmjtw258tu579rz2g2,9,0.0,10,1,0,gemm
gemmjtw258tu579rz2g2,9,1e-06,10,1,0,gemm
gemmjtw258tu579rz2g2,9,1e-06,10,1,0,gemm
gemmjtw258tu579rz2g2,9,1e-06,10,1,0,gemm
gemmjtw258tu579rz2g2,9,1e-06,10,1,0,gemm
gemmjtw258tu579rz2g2,11,1e-06,10,1,0,gemm
gemmjtw258tu579rz2g2,11,0.0,10,1,0,gemm
gemmjtw258tu579rz2g2,11,1e-06,10,1,0,gemm
gemmjtw258tu579rz2g2,11,0.0,10,1,0,gemm
gemmjtw258tu579rz2g2,11,1e-06,10,1,0,gemm
gemmjtw258tu579rz2g2,11,1e-06,10,1,0,gemm
gemmjtw258tu579rz2g2,11,0.0,10,1,0,gemm
gemmjtw258tu579rz2g2,11,1e-06,10,1,0,gemm
gemmjtw258tu579rz2g2,11,1e-06,10,1,0,gemm
gemmjtw258tu579rz2g2,11,1e-06,10,1,0,gemm
gemmjtw258tu579rz2g2,13,0.0,10,1,0,gemm
gemmjtw258tu579rz2g2,13,0.0,10,1,0,gemm
gemmjtw258tu579rz2g2,13,0.0,10,1,0,gemm
gemmjtw258tu579rz2g2,13,1e-06,10,1,0,gemm
gemmjtw258tu579rz2g2,13,0.0,10,1,0,gemm
gemmjtw258tu579rz2g2,13,0.0,10,1,0,gemm
gemmjtw258tu579rz2g2,13,0.0,10,1,0,gemm
gemmjtw258tu579rz2g2,13,0.0,10,1,0,gemm
gemmjtw258tu579rz2g2,13,0.0,10,1,0,gemm
gemmjtw258tu579rz2g2,13,0.0,10,1,0,gemm
gemmjtw258tu579rz2g2,15,0.0,10,1,0,gemm
gemmjtw258tu579rz2g2,15,0.0,10,1,0,gemm
gemmjtw258tu579rz2g2,15,0.0,10,1,0,gemm
gemmjtw258tu579rz2g2,15,0.0,10,1,0,gemm
gemmjtw258tu579rz2g2,15,1e-06,10,1,0,gemm
gemmjtw258tu579rz2g2,15,0.0,10,1,0,gemm
gemmjtw258tu579rz2g2,15,1e-06,10,1,0,gemm
gemmjtw258tu579rz2g2,15,0.0,10,1,0,gemm
gemmjtw258tu579rz2g2,15,1e-06,10,1,0,gemm
gemmjtw258tu579rz2g2,15,1e-06,10,1,0,gemm
gemmjtw258tu579rz2g2,17,0.0,10,1,0,gemm
gemmjtw258tu579rz2g2,17,0.0,10,1,0,gemm
gemmjtw258tu579rz2g2,17,1e-06,10,1,0,gemm
gemmjtw258tu579rz2g2,17,0.0,10,1,0,gemm
gemmjtw258tu579rz2g2,17,0.0,10,1,0,gemm
gemmjtw258tu579rz2g2,17,1e-06,10,1,0,gemm
gemmjtw258tu579rz2g2,17,1e-06,10,1,0,gemm
gemmjtw258tu579rz2g2,17,1e-06,10,1,0,gemm
gemmjtw258tu579rz2g2,17,1e-06,10,1,0,gemm
gemmjtw258tu579rz2g2,17,1e-06,10,1,0,gemm
gemmjtw258tu579rz2g2,19,0.0,10,1,0,gemm
gemmjtw258tu579rz2g2,19,1e-06,10,1,0,gemm
gemmjtw258tu579rz2g2,19,1e-06,10,1,0,gemm
gemmjtw258tu579rz2g2,19,1e-06,10,1,0,gemm
gemmjtw258tu579rz2g2,19,1e-06,10,1,0,gemm
gemmjtw258tu579rz2g2,19,0.0,10,1,0,gemm
gemmjtw258tu579rz2g2,19,1e-06,10,1,0,gemm
gemmjtw258tu579rz2g2,19,1e-06,10,1,0,gemm
gemmjtw258tu579rz2g2,19,0.0,10,1,0,gemm
gemmjtw258tu579rz2g2,19,1e-06,10,1,0,gemm
gemmjtw258tu579rz2g2,21,0.0,10,1,0,gemm
gemmjtw258tu579rz2g2,21,1e-06,10,1,0,gemm
gemmjtw258tu579rz2g2,21,0.0,10,1,0,gemm
gemmjtw258tu579rz2g2,21,0.0,10,1,0,gemm
gemmjtw258tu579rz2g2,21,0.0,10,1,0,gemm
gemmjtw258tu579rz2g2,21,0.0,10,1,0,gemm
gemmjtw258tu579rz2g2,21,1e-06,10,1,0,gemm
gemmjtw258tu579rz2g2,21,1e-06,10,1,0,gemm
gemmjtw258tu579rz2g2,21,1e-06,10,1,0,gemm
gemmjtw258tu579rz2g2,21,1e-06,10,1,0,gemm
gemmjtw258tu579rz2g2,23,0.0,10,1,0,gemm
gemmjtw258tu579rz2g2,23,0.0,10,1,0,gemm
gemmjtw258tu579rz2g2,23,0.0,10,1,0,gemm
gemmjtw258tu579rz2g2,23,0.0,10,1,0,gemm
gemmjtw258tu579rz2g2,23,0.0,10,1,0,gemm
gemmjtw258tu579rz2g2,23,1e-06,10,1,0,gemm
gemmjtw258tu579rz2g2,23,0.0,10,1,0,gemm
gemmjtw258tu579rz2g2,23,0.0,10,1,0,gemm
gemmjtw258tu579rz2g2,23,1e-06,10,1,0,gemm
gemmjtw258tu579rz2g2,23,1e-06,10,1,0,gemm
gemmjtw258tu579rz2g2,25,1e-06,10,1,0,gemm
gemmjtw258tu579rz2g2,25,1e-06,10,1,0,gemm
gemmjtw258tu579rz2g2,25,1e-06,10,1,0,gemm
gemmjtw258tu579rz2g2,25,0.0,10,1,0,gemm
gemmjtw258tu579rz2g2,25,0.0,10,1,0,gemm
gemmjtw258tu579rz2g2,25,0.0,10,1,0,gemm
gemmjtw258tu579rz2g2,25,0.0,10,1,0,gemm
gemmjtw258tu579rz2g2,25,1e-06,10,1,0,gemm
gemmjtw258tu579rz2g2,25,0.0,10,1,0,gemm
gemmjtw258tu579rz2g2,25,0.0,10,1,0,gemm
gemmjtw258tu579rz2g2,27,1e-06,10,1,0,gemm
gemmjtw258tu579rz2g2,27,1e-06,10,1,0,gemm
gemmjtw258tu579rz2g2,27,1e-06,10,1,0,gemm
gemmjtw258tu579rz2g2,27,1e-06,10,1,0,gemm
gemmjtw258tu579rz2g2,27,1e-06,10,1,0,gemm
gemmjtw258tu579rz2g2,27,0.0,10,1,0,gemm
gemmjtw258tu579rz2g2,27,1e-06,10,1,0,gemm
gemmjtw258tu579rz2g2,27,1e-06,10,1,0,gemm
gemmjtw258tu579rz2g2,27,0.0,10,1,0,gemm
gemmjtw258tu579rz2g2,27,1e-06,10,1,0,gemm
gemmjtw258tu579rz2g2,29,0.0,10,1,0,gemm
gemmjtw258tu579rz2g2,29,1e-06,10,1,0,gemm
gemmjtw258tu579rz2g2,29,1e-06,10,1,0,gemm
gemmjtw258tu579rz2g2,29,1e-06,10,1,0,gemm
gemmjtw258tu579rz2g2,29,0.0,10,1,0,gemm
gemmjtw258tu579rz2g2,29,0.0,10,1,0,gemm
gemmjtw258tu579rz2g2,29,0.0,10,1,0,gemm
gemmjtw258tu579rz2g2,29,1e-06,10,1,0,gemm
gemmjtw258tu579rz2g2,29,1e-06,10,1,0,gemm
gemmjtw258tu579rz2g2,29,1e-06,10,1,0,gemm
gemmjtw258tu579rz2g2,31,0.0,10,1,0,gemm
gemmjtw258tu579rz2g2,31,1e-06,10,1,0,gemm
gemmjtw258tu579rz2g2,31,0.0,10,1,0,gemm
gemmjtw258tu579rz2g2,31,1e-06,10,1,0,gemm
gemmjtw258tu579rz2g2,31,0.0,10,1,0,gemm
gemmjtw258tu579rz2g2,31,0.0,10,1,0,gemm
gemmjtw258tu579rz2g2,31,0.0,10,1,0,gemm
gemmjtw258tu579rz2g2,31,1e-06,10,1,0,gemm
gemmjtw258tu579rz2g2,31,1e-06,10,1,0,gemm
gemmjtw258tu579rz2g2,31,0.0,10,1,0,gemm